filename,label
4000.mp4,0.99000001
4001.mp4,0.98999995
4002.mp4,0.990000069
4003.mp4,0.569240928
4004.mp4,0.017729148
4005.mp4,0.985960126
4006.mp4,0.091246419
4007.mp4,0.98999995
4008.mp4,0.086464062
4009.mp4,0.096707463
4010.mp4,0.013788428
4011.mp4,0.990000069
4012.mp4,0.99000001
4013.mp4,0.042958476
4014.mp4,0.98999995
4015.mp4,0.01351071
4016.mp4,0.016925391
4017.mp4,0.71925509
4018.mp4,0.93236208
4019.mp4,0.032754824
4020.mp4,0.336757451
4021.mp4,0.009999999
4022.mp4,0.990000069
4023.mp4,0.990000129
4024.mp4,0.929818332
4025.mp4,0.99000001
4026.mp4,0.01
4027.mp4,0.988735378
4028.mp4,0.990000069
4029.mp4,0.980822682
4030.mp4,0.99
4031.mp4,0.01
4032.mp4,0.648548067
4033.mp4,0.019636633
4034.mp4,0.990000069
4035.mp4,0.986922204
4036.mp4,0.021642094
4037.mp4,0.010000001
4038.mp4,0.766476631
4039.mp4,0.498370022
4040.mp4,0.109761119
4041.mp4,0.047386236
4042.mp4,0.986215651
4043.mp4,0.01
4044.mp4,0.019514482
4045.mp4,0.084036909
4046.mp4,0.93744266
4047.mp4,0.017327702
4048.mp4,0.073249087
4049.mp4,0.990000188
4050.mp4,0.908301353
4051.mp4,0.98999995
4052.mp4,0.923692286
4053.mp4,0.037956502
4054.mp4,0.079378083
4055.mp4,0.99000001
4056.mp4,0.988880277
4057.mp4,0.01
4058.mp4,0.027318737
4059.mp4,0.869387448
4060.mp4,0.135186866
4061.mp4,0.99000001
4062.mp4,0.922202766
4063.mp4,0.111245498
4064.mp4,0.954710722
4065.mp4,0.017616516
4066.mp4,0.01
4067.mp4,0.640247166
4068.mp4,0.043719139
4069.mp4,0.099560693
4070.mp4,0.148395225
4071.mp4,0.011767442
4072.mp4,0.277029335
4073.mp4,0.011356745
4074.mp4,0.01
4075.mp4,0.010575371
4076.mp4,0.310487002
4077.mp4,0.010460664
4078.mp4,0.048980102
4079.mp4,0.697255671
4080.mp4,0.010000001
4081.mp4,0.030196436
4082.mp4,0.02173337
4083.mp4,0.99000001
4084.mp4,0.0600393
4085.mp4,0.99000001
4086.mp4,0.059453309
4087.mp4,0.875106752
4088.mp4,0.009999999
4089.mp4,0.072676852
4090.mp4,0.142979011
4091.mp4,0.107023254
4092.mp4,0.01
4093.mp4,0.975630164
4094.mp4,0.92808044
4095.mp4,0.01
4096.mp4,0.453028411
4097.mp4,0.99000001
4098.mp4,0.142195314
4099.mp4,0.099572852
4100.mp4,0.538738906
4101.mp4,0.009999999
4102.mp4,0.61578691
4103.mp4,0.01
4104.mp4,0.187473938
4105.mp4,0.98999995
4106.mp4,0.01
4107.mp4,0.416706949
4108.mp4,0.032272365
4109.mp4,0.01
4110.mp4,0.99
4111.mp4,0.99000001
4112.mp4,0.010000001
4113.mp4,0.99000001
4114.mp4,0.843720317
4115.mp4,0.98999989
4116.mp4,0.024526184
4117.mp4,0.990000069
4118.mp4,0.687670827
4119.mp4,0.990000129
4120.mp4,0.99000001
4121.mp4,0.98999995
4122.mp4,0.01
4123.mp4,0.011119742
4124.mp4,0.644252837
4125.mp4,0.01
4126.mp4,0.990000069
4127.mp4,0.726743937
4128.mp4,0.064592965
4129.mp4,0.727078915
4130.mp4,0.022391092
4131.mp4,0.309256256
4132.mp4,0.023500318
4133.mp4,0.168661252
4134.mp4,0.26399228
4135.mp4,0.021061087
4136.mp4,0.491418391
4137.mp4,0.298892379
4138.mp4,0.879843473
4139.mp4,0.026909478
4140.mp4,0.773637712
4141.mp4,0.990000129
4142.mp4,0.99000001
4143.mp4,0.912031651
4144.mp4,0.60166055
4145.mp4,0.98999995
4146.mp4,0.731845379
4147.mp4,0.919251561
4148.mp4,0.98999995
4149.mp4,0.014675926
4150.mp4,0.98999995
4151.mp4,0.948584318
4152.mp4,0.98999995
4153.mp4,0.013713646
4154.mp4,0.087813817
4155.mp4,0.961920738
4156.mp4,0.515420139
4157.mp4,0.116876118
4158.mp4,0.98999995
4159.mp4,0.178906709
4160.mp4,0.607394457
4161.mp4,0.036041014
4162.mp4,0.98999995
4163.mp4,0.014535805
4164.mp4,0.039035484
4165.mp4,0.061087295
4166.mp4,0.030767294
4167.mp4,0.010835726
4168.mp4,0.102887228
4169.mp4,0.059039164
4170.mp4,0.031582717
4171.mp4,0.079682693
4172.mp4,0.803913772
4173.mp4,0.987824261
4174.mp4,0.990000129
4175.mp4,0.058198854
4176.mp4,0.145521864
4177.mp4,0.042133447
4178.mp4,0.073053546
4179.mp4,0.98999995
4180.mp4,0.010000001
4181.mp4,0.191210866
4182.mp4,0.20723398
4183.mp4,0.010000001
4184.mp4,0.01
4185.mp4,0.017261047
4186.mp4,0.483424574
4187.mp4,0.789618492
4188.mp4,0.986658871
4189.mp4,0.010000001
4190.mp4,0.520371914
4191.mp4,0.097239979
4192.mp4,0.177958533
4193.mp4,0.990000069
4194.mp4,0.01
4195.mp4,0.010000001
4196.mp4,0.010982187
4197.mp4,0.010000001
4198.mp4,0.009999999
4199.mp4,0.013895778
4200.mp4,0.977013886
4201.mp4,0.982717633
4202.mp4,0.029535817
4203.mp4,0.275252253
4204.mp4,0.98999995
4205.mp4,0.804026842
4206.mp4,0.943610013
4207.mp4,0.010000001
4208.mp4,0.98180455
4209.mp4,0.869012833
4210.mp4,0.793338716
4211.mp4,0.981961727
4212.mp4,0.184225142
4213.mp4,0.01
4214.mp4,0.011923904
4215.mp4,0.011882237
4216.mp4,0.99000001
4217.mp4,0.089448676
4218.mp4,0.014374972
4219.mp4,0.428515941
4220.mp4,0.98999995
4221.mp4,0.183502764
4222.mp4,0.150463015
4223.mp4,0.608697891
4224.mp4,0.01
4225.mp4,0.146159902
4226.mp4,0.790012002
4227.mp4,0.218814328
4228.mp4,0.009999999
4229.mp4,0.010000001
4230.mp4,0.096128911
4231.mp4,0.01
4232.mp4,0.389124274
4233.mp4,0.037509013
4234.mp4,0.052157503
4235.mp4,0.861497402
4236.mp4,0.956231713
4237.mp4,0.019161645
4238.mp4,0.99000001
4239.mp4,0.541490316
4240.mp4,0.020309871
4241.mp4,0.966618896
4242.mp4,0.128313065
4243.mp4,0.14073126
4244.mp4,0.098042987
4245.mp4,0.01
4246.mp4,0.01
4247.mp4,0.118988447
4248.mp4,0.987918854
4249.mp4,0.990000129
4250.mp4,0.297700524
4251.mp4,0.024426185
4252.mp4,0.019413406
4253.mp4,0.011097824
4254.mp4,0.026767712
4255.mp4,0.635584176
4256.mp4,0.024633896
4257.mp4,0.44499737
4258.mp4,0.990000069
4259.mp4,0.956565619
4260.mp4,0.016348457
4261.mp4,0.019063316
4262.mp4,0.869782507
4263.mp4,0.898647666
4264.mp4,0.026378946
4265.mp4,0.154123947
4266.mp4,0.01
4267.mp4,0.017636433
4268.mp4,0.222904101
4269.mp4,0.132906511
4270.mp4,0.935490906
4271.mp4,0.522775829
4272.mp4,0.032040581
4273.mp4,0.93455714
4274.mp4,0.979343414
4275.mp4,0.990000069
4276.mp4,0.057076953
4277.mp4,0.95829457
4278.mp4,0.956738174
4279.mp4,0.932731304
4280.mp4,0.98999989
4281.mp4,0.921394225
4282.mp4,0.02579323
4283.mp4,0.99000001
4284.mp4,0.522458553
4285.mp4,0.174212322
4286.mp4,0.242520481
4287.mp4,0.98999995
4288.mp4,0.01
4289.mp4,0.01999639
4290.mp4,0.98999995
4291.mp4,0.224030912
4292.mp4,0.053817224
4293.mp4,0.163723797
4294.mp4,0.009999999
4295.mp4,0.01
4296.mp4,0.010433014
4297.mp4,0.113971934
4298.mp4,0.988807917
4299.mp4,0.013784514
4300.mp4,0.98999989
4301.mp4,0.017556399
4302.mp4,0.269465089
4303.mp4,0.013924564
4304.mp4,0.155538037
4305.mp4,0.132622063
4306.mp4,0.011119673
4307.mp4,0.445886552
4308.mp4,0.777719021
4309.mp4,0.990000069
4310.mp4,0.011428035
4311.mp4,0.990000069
4312.mp4,0.028819339
4313.mp4,0.989407599
4314.mp4,0.179087609
4315.mp4,0.990000188
4316.mp4,0.142690375
4317.mp4,0.123268045
4318.mp4,0.097072542
4319.mp4,0.911964417
4320.mp4,0.010240029
4321.mp4,0.209497035
4322.mp4,0.134836808
4323.mp4,0.934061468
4324.mp4,0.01
4325.mp4,0.078662254
4326.mp4,0.613182366
4327.mp4,0.9785375
4328.mp4,0.990000069
4329.mp4,0.934373856
4330.mp4,0.511983156
4331.mp4,0.857916832
4332.mp4,0.01644926
4333.mp4,0.013831224
4334.mp4,0.047043148
4335.mp4,0.950234592
4336.mp4,0.010000001
4337.mp4,0.103918895
4338.mp4,0.010000001
4339.mp4,0.983808339
4340.mp4,0.187875211
4341.mp4,0.430357635
4342.mp4,0.990000129
4343.mp4,0.078048974
4344.mp4,0.112338953
4345.mp4,0.741359115
4346.mp4,0.351147354
4347.mp4,0.980469286
4348.mp4,0.01
4349.mp4,0.864322007
4350.mp4,0.128064573
4351.mp4,0.054986849
4352.mp4,0.029889058
4353.mp4,0.990000069
4354.mp4,0.101990171
4355.mp4,0.048214894
4356.mp4,0.675155044
4357.mp4,0.009999999
4358.mp4,0.013987183
4359.mp4,0.011367235
4360.mp4,0.04326725
4361.mp4,0.009999999
4362.mp4,0.068598375
4363.mp4,0.942506969
4364.mp4,0.99
4365.mp4,0.009999999
4366.mp4,0.176526994
4367.mp4,0.101367302
4368.mp4,0.188725114
4369.mp4,0.127500921
4370.mp4,0.97516346
4371.mp4,0.010419903
4372.mp4,0.014049629
4373.mp4,0.161565766
4374.mp4,0.013945467
4375.mp4,0.90673399
4376.mp4,0.976256132
4377.mp4,0.028607104
4378.mp4,0.049518924
4379.mp4,0.954323947
4380.mp4,0.137343019
4381.mp4,0.983476579
4382.mp4,0.954032063
4383.mp4,0.018216057
4384.mp4,0.024907375
4385.mp4,0.010000001
4386.mp4,0.478024602
4387.mp4,0.010000001
4388.mp4,0.009999999
4389.mp4,0.148010924
4390.mp4,0.765338182
4391.mp4,0.055843484
4392.mp4,0.98999995
4393.mp4,0.856579542
4394.mp4,0.166020691
4395.mp4,0.982273877
4396.mp4,0.228833541
4397.mp4,0.869445622
4398.mp4,0.990000188
4399.mp4,0.102337182
4400.mp4,0.98999995
4401.mp4,0.081542678
4402.mp4,0.851934373
4403.mp4,0.272502244
4404.mp4,0.01
4405.mp4,0.016162531
4406.mp4,0.043113932
4407.mp4,0.066752493
4408.mp4,0.010000001
4409.mp4,0.068421438
4410.mp4,0.017189428
4411.mp4,0.050266456
4412.mp4,0.83292836
4413.mp4,0.113094077
4414.mp4,0.972833097
4415.mp4,0.090163954
4416.mp4,0.988679647
4417.mp4,0.389675319
4418.mp4,0.01
4419.mp4,0.553618908
4420.mp4,0.01
4421.mp4,0.317350864
4422.mp4,0.984464467
4423.mp4,0.905360103
4424.mp4,0.244008332
4425.mp4,0.078725554
4426.mp4,0.265582025
4427.mp4,0.183638215
4428.mp4,0.015283479
4429.mp4,0.013889809
4430.mp4,0.009999998
4431.mp4,0.009999999
4432.mp4,0.089456752
4433.mp4,0.01
4434.mp4,0.965884209
4435.mp4,0.416675568
4436.mp4,0.668487668
4437.mp4,0.01
4438.mp4,0.852754056
4439.mp4,0.205370292
4440.mp4,0.98999989
4441.mp4,0.01
4442.mp4,0.01
4443.mp4,0.910906494
4444.mp4,0.013923778
4445.mp4,0.40310052
4446.mp4,0.01051754
4447.mp4,0.026986854
4448.mp4,0.098869726
4449.mp4,0.038220562
4450.mp4,0.010000002
4451.mp4,0.128224567
4452.mp4,0.678922713
4453.mp4,0.990000069
4454.mp4,0.88549757
4455.mp4,0.153904691
4456.mp4,0.010000001
4457.mp4,0.369416475
4458.mp4,0.009999999
4459.mp4,0.672995508
4460.mp4,0.10247054
4461.mp4,0.98999989
4462.mp4,0.075468943
4463.mp4,0.845285773
4464.mp4,0.009999999
4465.mp4,0.98999995
4466.mp4,0.990000069
4467.mp4,0.949925721
4468.mp4,0.985934019
4469.mp4,0.98766166
4470.mp4,0.665594101
4471.mp4,0.1176439
4472.mp4,0.039392624
4473.mp4,0.977145791
4474.mp4,0.017034281
4475.mp4,0.020357179
4476.mp4,0.533328414
4477.mp4,0.336179346
4478.mp4,0.989463091
4479.mp4,0.907817304
4480.mp4,0.888307035
4481.mp4,0.203201741
4482.mp4,0.059005093
4483.mp4,0.739703
4484.mp4,0.98999995
4485.mp4,0.990000069
4486.mp4,0.989728749
4487.mp4,0.723317683
4488.mp4,0.98999995
4489.mp4,0.176043659
4490.mp4,0.01
4491.mp4,0.010000002
4492.mp4,0.121274479
4493.mp4,0.087376319
4494.mp4,0.009999999
4495.mp4,0.050228693
4496.mp4,0.060857888
4497.mp4,0.009999999
4498.mp4,0.975055218
4499.mp4,0.154905826
4500.mp4,0.946750462
4501.mp4,0.010000001
4502.mp4,0.990000069
4503.mp4,0.010000001
4504.mp4,0.958529115
4505.mp4,0.013698302
4506.mp4,0.120532356
4507.mp4,0.014945126
4508.mp4,0.010000002
4509.mp4,0.989820957
4510.mp4,0.009999999
4511.mp4,0.799996972
4512.mp4,0.156859815
4513.mp4,0.028461592
4514.mp4,0.059744176
4515.mp4,0.202969238
4516.mp4,0.375483185
4517.mp4,0.284096032
4518.mp4,0.054330993
4519.mp4,0.05918346
4520.mp4,0.870041788
4521.mp4,0.03864282
4522.mp4,0.98999995
4523.mp4,0.011179207
4524.mp4,0.977430284
4525.mp4,0.250386506
4526.mp4,0.99000001
4527.mp4,0.037499487
4528.mp4,0.010198376
4529.mp4,0.140860781
4530.mp4,0.065309152
4531.mp4,0.99000001
4532.mp4,0.034142658
4533.mp4,0.99000001
4534.mp4,0.98999995
4535.mp4,0.032411225
4536.mp4,0.330167323
4537.mp4,0.014115809
4538.mp4,0.305252969
4539.mp4,0.014673674
4540.mp4,1
4541.mp4,0.98999995
4542.mp4,0.01
4543.mp4,0.201004729
4544.mp4,0.861229837
4545.mp4,0.009999999
4546.mp4,0.99000001
4547.mp4,0.839819968
4548.mp4,0.113008171
4549.mp4,0.103160188
4550.mp4,0.98545742
4551.mp4,0.01
4552.mp4,0.989559114
4553.mp4,0.106476471
4554.mp4,0.501475871
4555.mp4,0.217706099
4556.mp4,0.010000001
4557.mp4,0.201639801
4558.mp4,0.090040594
4559.mp4,0.74139756
4560.mp4,0.01
4561.mp4,0.281852454
4562.mp4,0.035048086
4563.mp4,0.020207815
4564.mp4,0.619244039
4565.mp4,0.009999999
4566.mp4,0.066083618
4567.mp4,0.01
4568.mp4,0.720768034
4569.mp4,0.087985896
4570.mp4,0.103018649
4571.mp4,0.033617817
4572.mp4,0.055653714
4573.mp4,0.01
4574.mp4,0.989425838
4575.mp4,0.038911559
4576.mp4,0.041003417
4577.mp4,0.176691726
4578.mp4,0.877497494
4579.mp4,0.962795138
4580.mp4,0.010755126
4581.mp4,0.98999989
4582.mp4,0.013562941
4583.mp4,0.023396473
4584.mp4,0.280378968
4585.mp4,0.970261931
4586.mp4,0.344940752
4587.mp4,0.054590806
4588.mp4,0.248246387
4589.mp4,0.990000069
4590.mp4,0.990000069
4591.mp4,0.010233183
4592.mp4,0.283099264
4593.mp4,0.99000001
4594.mp4,0.152653098
4595.mp4,0.794588506
4596.mp4,0.045426887
4597.mp4,0.020099459
4598.mp4,0.08826001
4599.mp4,0.126662284
4600.mp4,0
4601.mp4,0.99000001
4602.mp4,0.980960488
4603.mp4,0.98999995
4604.mp4,0.364235282
4605.mp4,0.973500252
4606.mp4,0.988160849
4607.mp4,0.010000001
4608.mp4,0.160271183
4609.mp4,0.953739285
4610.mp4,0.53795737
4611.mp4,0.969688475
4612.mp4,0.842101991
4613.mp4,0.043762192
4614.mp4,0.910505116
4615.mp4,0.223754257
4616.mp4,0.028790981
4617.mp4,0.026773149
4618.mp4,0.825210989
4619.mp4,0.205648452
4620.mp4,0.901070297
4621.mp4,0.715212047
4622.mp4,0.244455427
4623.mp4,0.01
4624.mp4,0.98999995
4625.mp4,0.983557284
4626.mp4,0.99000001
4627.mp4,0.01
4628.mp4,0.01
4629.mp4,0.294905603
4630.mp4,0.983116269
4631.mp4,0.10760916
4632.mp4,0.986593306
4633.mp4,0.16550009
4634.mp4,0.010000001
4635.mp4,0.012108038
4636.mp4,0.025042558
4637.mp4,0.99000001
4638.mp4,0.169712782
4639.mp4,0.027809847
4640.mp4,0.242083669
4641.mp4,0.990000069
4642.mp4,0.99000001
4643.mp4,0.414692849
4644.mp4,0.021081442
4645.mp4,0.060249958
4646.mp4,0.99000001
4647.mp4,0.944324195
4648.mp4,0.679896116
4649.mp4,0.859773576
4650.mp4,0.990000129
4651.mp4,0.239140138
4652.mp4,0.022535251
4653.mp4,0.99000001
4654.mp4,0.989869893
4655.mp4,0.990000069
4656.mp4,0.056994755
4657.mp4,0.920520127
4658.mp4,0.99000001
4659.mp4,0.028249322
4660.mp4,0.009999999
4661.mp4,0.011957945
4662.mp4,0.199167088
4663.mp4,0.990000129
4664.mp4,0.032839224
4665.mp4,0.422565192
4666.mp4,0.975615978
4667.mp4,0.011676414
4668.mp4,0.511142135
4669.mp4,0.140919521
4670.mp4,0.99000001
4671.mp4,0.015374332
4672.mp4,0.99000001
4673.mp4,0.98999995
4674.mp4,0.267392874
4675.mp4,0.016256718
4676.mp4,0.985762894
4677.mp4,0.01
4678.mp4,0.018799445
4679.mp4,0.805470943
4680.mp4,0.821258903
4681.mp4,0.058002409
4682.mp4,0.060915384
4683.mp4,0.010000002
4684.mp4,0.015996715
4685.mp4,0.01311102
4686.mp4,0.989755094
4687.mp4,0.072406128
4688.mp4,0.01
4689.mp4,0.01
4690.mp4,0.331985563
4691.mp4,0.01
4692.mp4,0.010985217
4693.mp4,0.01
4694.mp4,0.016216142
4695.mp4,0.467239887
4696.mp4,0.533838093
4697.mp4,0.042586051
4698.mp4,0.009999999
4699.mp4,0.01
4700.mp4,0.0547437
4701.mp4,0.010000001
4702.mp4,0.989783049
4703.mp4,0.01541842
4704.mp4,0.838329613
4705.mp4,0.01
4706.mp4,0.98999995
4707.mp4,0.988679349
4708.mp4,0.98999995
4709.mp4,0.989609599
4710.mp4,0.973292768
4711.mp4,0.309089392
4712.mp4,0.009999999
4713.mp4,0.01
4714.mp4,0.526888728
4715.mp4,0.010000001
4716.mp4,0.491010725
4717.mp4,0.650707245
4718.mp4,0.466518313
4719.mp4,0.181942254
4720.mp4,0.553331017
4721.mp4,0.042933326
4722.mp4,0.869296193
4723.mp4,0.230740845
4724.mp4,0.150446013
4725.mp4,0.990000069
4726.mp4,0.050267808
4727.mp4,0.98999995
4728.mp4,0.930494428
4729.mp4,0.985711515
4730.mp4,0.029768379
4731.mp4,0.01
4732.mp4,0.507504165
4733.mp4,0.990000129
4734.mp4,0.99000001
4735.mp4,0.440731257
4736.mp4,0.032098822
4737.mp4,0.035801046
4738.mp4,0.99000001
4739.mp4,0.010410659
4740.mp4,0.990000069
4741.mp4,0.081238337
4742.mp4,0.96964407
4743.mp4,0.071176328
4744.mp4,0.093665682
4745.mp4,0.404848546
4746.mp4,0.592824996
4747.mp4,0.98999995
4748.mp4,0.010000002
4749.mp4,0.977330208
4750.mp4,0.849072158
4751.mp4,0.232823193
4752.mp4,0.372706205
4753.mp4,0.574229777
4754.mp4,0.09918385
4755.mp4,0.01
4756.mp4,0.01437468
4757.mp4,0.01216069
4758.mp4,0.123527333
4759.mp4,0.019183956
4760.mp4,0.569810569
4761.mp4,0.059880454
4762.mp4,0.949651122
4763.mp4,0.024361853
4764.mp4,0.141012058
4765.mp4,0.01
4766.mp4,0.98999995
4767.mp4,0.585220456
4768.mp4,0.99000001
4769.mp4,0.817188084
4770.mp4,0.018968601
4771.mp4,0.344690293
4772.mp4,0.990000069
4773.mp4,0.010000001
4774.mp4,0.010000001
4775.mp4,0.836220384
4776.mp4,0.990000188
4777.mp4,0.012512274
4778.mp4,0.537387252
4779.mp4,0.975903451
4780.mp4,0.533527672
4781.mp4,0.102364287
4782.mp4,0.01550927
4783.mp4,0.009999999
4784.mp4,0.01
4785.mp4,0.011779832
4786.mp4,0.066252574
4787.mp4,0.132345974
4788.mp4,0.737454951
4789.mp4,0.88910836
4790.mp4,0.016483579
4791.mp4,0.979922891
4792.mp4,0.831867278
4793.mp4,0.37480557
4794.mp4,0.044507112
4795.mp4,0.011552256
4796.mp4,0.010000001
4797.mp4,0.956287205
4798.mp4,0.013805106
4799.mp4,0.080736898
4800.mp4,0.01
4801.mp4,0.060907438
4802.mp4,0.010000001
4803.mp4,0.984035134
4804.mp4,0.010000001
4805.mp4,0.046018977
4806.mp4,0.170666829
4807.mp4,0.016036449
4808.mp4,0.010000001
4809.mp4,0.99000001
4810.mp4,0.04331049
4811.mp4,0.01
4812.mp4,0.012579314
4813.mp4,0.010000001
4814.mp4,0.017613655
4815.mp4,0.014890147
4816.mp4,0.321857244
4817.mp4,0.079203837
4818.mp4,0.990000069
4819.mp4,0.01
4820.mp4,0.978690207
4821.mp4,0.981096208
4822.mp4,0.74774605
4823.mp4,0.923342764
4824.mp4,0.013614926
4825.mp4,0.019221148
4826.mp4,0.010238417
4827.mp4,0.01305396
4828.mp4,0.013191753
4829.mp4,0.972019672
4830.mp4,0.012429697
4831.mp4,0.01
4832.mp4,0.192077354
4833.mp4,0.98999995
4834.mp4,0.82629925
4835.mp4,0.009999998
4836.mp4,0.029672775
4837.mp4,0.072167546
4838.mp4,0.98999995
4839.mp4,0.99000001
4840.mp4,0.179184183
4841.mp4,0.990000129
4842.mp4,0.131010219
4843.mp4,0.012019585
4844.mp4,0.057629317
4845.mp4,0.990000069
4846.mp4,0.98999995
4847.mp4,0.043563858
4848.mp4,0.203083649
4849.mp4,0.689904273
4850.mp4,0.989704967
4851.mp4,0.983446002
4852.mp4,0.758796871
4853.mp4,0.018017799
4854.mp4,0.010000001
4855.mp4,0.265299588
4856.mp4,0.819508553
4857.mp4,0.103246808
4858.mp4,0.015078052
4859.mp4,0.018040942
4860.mp4,0.10562443
4861.mp4,0.98999995
4862.mp4,0.101085722
4863.mp4,0.055090465
4864.mp4,0.022607137
4865.mp4,0.018970834
4866.mp4,0.97685194
4867.mp4,0.99000001
4868.mp4,0.985148191
4869.mp4,0.05571118
4870.mp4,0.98999989
4871.mp4,1
4872.mp4,0.290983289
4873.mp4,0.594174266
4874.mp4,0.462262392
4875.mp4,0.01
4876.mp4,0.009999999
4877.mp4,0.980113387
4878.mp4,0.193471044
4879.mp4,0.942319512
4880.mp4,0.053290736
4881.mp4,0.01
4882.mp4,0.013203654
4883.mp4,0.017172026
4884.mp4,0.014842811
4885.mp4,0.990000069
4886.mp4,0.010000002
4887.mp4,0.049244769
4888.mp4,0.01580967
4889.mp4,0.039718609
4890.mp4,0.019012079
4891.mp4,0.01
4892.mp4,0.799653292
4893.mp4,0.939849019
4894.mp4,0.661060512
4895.mp4,0.013384735
4896.mp4,0.98999995
4897.mp4,0.424045503
4898.mp4,0.590310991
4899.mp4,0.985940218
4900.mp4,0.078928649
4901.mp4,0.990000069
4902.mp4,0.990000069
4903.mp4,0.982915103
4904.mp4,0.944804549
4905.mp4,0.011155285
4906.mp4,0.01298476
4907.mp4,0.990000129
4908.mp4,0.973287642
4909.mp4,0.18984364
4910.mp4,0.012957095
4911.mp4,0.03938093
4912.mp4,0.01
4913.mp4,0.124467924
4914.mp4,0.01495997
4915.mp4,0.009999999
4916.mp4,0.144866854
4917.mp4,0.124672048
4918.mp4,0.168686166
4919.mp4,0.11046081
4920.mp4,0.014275396
4921.mp4,0.990000069
4922.mp4,0.748158038
4923.mp4,0.989027917
4924.mp4,0.009999999
4925.mp4,0.265436888
4926.mp4,0.01
4927.mp4,0.020197187
4928.mp4,0.044503808
4929.mp4,0.855074406
4930.mp4,0.15831615
4931.mp4,0.009999999
4932.mp4,0.009999999
4933.mp4,0.989999831
4934.mp4,0.06329412
4935.mp4,0.509816706
4936.mp4,0.048549578
4937.mp4,0.99000001
4938.mp4,0.01
4939.mp4,0.813204288
4940.mp4,0.321728885
4941.mp4,0.956547678
4942.mp4,0.530492246
4943.mp4,0.99000001
4944.mp4,0.144441724
4945.mp4,0.01253393
4946.mp4,0.024103979
4947.mp4,0.98999995
4948.mp4,0.239115
4949.mp4,0.26744774
4950.mp4,0.089071199
4951.mp4,0.99000001
4952.mp4,0.965835214
4953.mp4,0.010628155
4954.mp4,0.014578857
4955.mp4,0.105730213
4956.mp4,0.593197107
4957.mp4,0.969326079
4958.mp4,0.009999999
4959.mp4,0.679062665
4960.mp4,0.011630081
4961.mp4,0.117478304
4962.mp4,0.982629538
4963.mp4,0.297757834
4964.mp4,0.989477694
4965.mp4,0.151394933
4966.mp4,0.114768617
4967.mp4,0.98999989
4968.mp4,0.987863302
4969.mp4,0.181954607
4970.mp4,0.009999999
4971.mp4,0.010000002
4972.mp4,0.98999995
4973.mp4,0.245883912
4974.mp4,0.010112129
4975.mp4,0.107567705
4976.mp4,0.011558452
4977.mp4,0.028224459
4978.mp4,0.971711934
4979.mp4,0.04468324
4980.mp4,0.98999989
4981.mp4,0.011709304
4982.mp4,0.704401433
4983.mp4,0.98999995
4984.mp4,0.953987241
4985.mp4,0.011320454
4986.mp4,0.052977294
4987.mp4,0.124060966
4988.mp4,0.898200512
4989.mp4,0.010000001
4990.mp4,0.04705853
4991.mp4,0.499738246
4992.mp4,0.119053379
4993.mp4,0.010637105
4994.mp4,0.030933402
4995.mp4,0.812526226
4996.mp4,0.141690537
4997.mp4,0.037356824
4998.mp4,0.95696646
4999.mp4,0.01478394
5000.mp4,0.012280243
5001.mp4,0.99000001
5002.mp4,0.014466531
5003.mp4,0.01
5004.mp4,0.98999995
5005.mp4,0.086670265
5006.mp4,0.978535891
5007.mp4,0.025177041
5008.mp4,0.010551984
5009.mp4,0.99000001
5010.mp4,0.769110024
5011.mp4,0.014758075
5012.mp4,0.149164379
5013.mp4,0.009999998
5014.mp4,0.752828956
5015.mp4,0.039968334
5016.mp4,0.059194848
5017.mp4,0.984404683
5018.mp4,0.009999999
5019.mp4,0.99000001
5020.mp4,0.692863286
5021.mp4,0.979344785
5022.mp4,0.01
5023.mp4,0.180298075
5024.mp4,0.94660908
5025.mp4,0.98999995
5026.mp4,0.91752094
5027.mp4,0.729513228
5028.mp4,0.009999999
5029.mp4,0.990000069
5030.mp4,0.491647869
5031.mp4,0.985356152
5032.mp4,0.053812619
5033.mp4,0.019967128
5034.mp4,0.010000001
5035.mp4,0.990000069
5036.mp4,0.99000001
5037.mp4,0.043546561
5038.mp4,0.277018845
5039.mp4,0.01
5040.mp4,0.98999995
5041.mp4,0.98999995
5042.mp4,0.963636577
5043.mp4,0.018086076
5044.mp4,0.019024957
5045.mp4,0.98999989
5046.mp4,0.581053972
5047.mp4,0.572553754
5048.mp4,0.990000129
5049.mp4,0.01345779
5050.mp4,0.012453035
5051.mp4,0.01
5052.mp4,0.99000001
5053.mp4,0.990000069
5054.mp4,0.049670629
5055.mp4,0.018084271
5056.mp4,0.926353216
5057.mp4,0.988860309
5058.mp4,0
5059.mp4,0.948177099
5060.mp4,0.017955141
5061.mp4,0.98999989
5062.mp4,0.038520351
5063.mp4,0.009999999
5064.mp4,0.833874464
5065.mp4,0.990000069
5066.mp4,0.035934381
5067.mp4,0.884704471
5068.mp4,0.984452307
5069.mp4,0.990000188
5070.mp4,0.021388786
5071.mp4,0.172342002
5072.mp4,0.029955687
5073.mp4,0.153999761
5074.mp4,0.237213612
5075.mp4,0.010000002
5076.mp4,0.009999999
5077.mp4,0.015680449
5078.mp4,0.938744247
5079.mp4,0.009999998
5080.mp4,0.010919297
5081.mp4,0.714482367
5082.mp4,0.185845822
5083.mp4,0.139951274
5084.mp4,0.98999989
5085.mp4,0.140909463
5086.mp4,0.986694574
5087.mp4,0.98999989
5088.mp4,0.960478663
5089.mp4,0.012289959
5090.mp4,0.01
5091.mp4,0.138617814
5092.mp4,0.183732942
5093.mp4,0.966648281
5094.mp4,0.01
5095.mp4,0.975094438
5096.mp4,0.01656507
5097.mp4,0.868661106
5098.mp4,0.981951118
5099.mp4,0.821297288
5100.mp4,0.154320091
5101.mp4,0.990000129
5102.mp4,0.591806889
5103.mp4,0.799646556
5104.mp4,0.016923742
5105.mp4,0.981819451
5106.mp4,0.98999989
5107.mp4,0.011509372
5108.mp4,0.985792935
5109.mp4,0.070184313
5110.mp4,0.071939714
5111.mp4,0.174304068
5112.mp4,0.98999989
5113.mp4,0.830436885
5114.mp4,0.99000001
5115.mp4,0.013959168
5116.mp4,0.941040814
5117.mp4,0.032026883
5118.mp4,0.197149396
5119.mp4,0.942106366
5120.mp4,0.439371824
5121.mp4,0.238883987
5122.mp4,0.020579111
5123.mp4,0.08469934
5124.mp4,0.010000002
5125.mp4,0.99000001
5126.mp4,0.975539505
5127.mp4,0.055311799
5128.mp4,0.957119226
5129.mp4,0.98999995
5130.mp4,1
5131.mp4,0.829359889
5132.mp4,0.593999565
5133.mp4,0.016038088
5134.mp4,0.047601085
5135.mp4,0.134875044
5136.mp4,0.01
5137.mp4,0.013324562
5138.mp4,0.059329443
5139.mp4,0.041039757
5140.mp4,0.744161189
5141.mp4,0.051096693
5142.mp4,0.082968041
5143.mp4,0.052407466
5144.mp4,0.986047804
5145.mp4,0.967851937
5146.mp4,0.667104661
5147.mp4,0.033122115
5148.mp4,0.99000001
5149.mp4,0.067798302
5150.mp4,0.985929072
5151.mp4,0.013507894
5152.mp4,0.07994093
5153.mp4,0.013153728
5154.mp4,0.98830682
5155.mp4,0.018539272
5156.mp4,0.085719027
5157.mp4,0.024779089
5158.mp4,0.990000069
5159.mp4,0.134444565
5160.mp4,0.834850729
5161.mp4,0.990000129
5162.mp4,0.977891982
5163.mp4,0.964405775
5164.mp4,0.01
5165.mp4,0.539199769
5166.mp4,0.050816234
5167.mp4,0.01
5168.mp4,0.01
5169.mp4,0.02424195
5170.mp4,0.990000129
5171.mp4,0.99000001
5172.mp4,0.989692807
5173.mp4,0.923934817
5174.mp4,0
5175.mp4,0.141956553
5176.mp4,0.99000001
5177.mp4,0.990000129
5178.mp4,0.031883076
5179.mp4,0.547770798
5180.mp4,0.019924898
5181.mp4,0.01
5182.mp4,0.022827933
5183.mp4,0.031422909
5184.mp4,0.148773953
5185.mp4,0.523750007
5186.mp4,0.024436425
5187.mp4,0.113322362
5188.mp4,0.985753059
5189.mp4,0.98999989
5190.mp4,0.98999995
5191.mp4,0.234831348
5192.mp4,0.805384219
5193.mp4,0.772984087
5194.mp4,0.990000069
5195.mp4,0.984428287
5196.mp4,0.592876196
5197.mp4,0.055983465
5198.mp4,0.009999999
5199.mp4,0.009999999
5200.mp4,0.98499167
5201.mp4,0.057081696
5202.mp4,0.927632034
5203.mp4,0.032004129
5204.mp4,0.01272699
5205.mp4,0.064751171
5206.mp4,0.371760398
5207.mp4,0.01
5208.mp4,0.010000001
5209.mp4,0.049509484
5210.mp4,0.010788343
5211.mp4,0.115165338
5212.mp4,0.448706239
5213.mp4,0.01
5214.mp4,0.990000129
5215.mp4,0.103071824
5216.mp4,0.789716542
5217.mp4,0.088746808
5218.mp4,0.815722227
5219.mp4,0.204173461
5220.mp4,0.947854996
5221.mp4,0.024587572
5222.mp4,0.01
5223.mp4,0.98999995
5224.mp4,0.086659342
5225.mp4,0.04636813
5226.mp4,0.98999989
5227.mp4,0.234757677
5228.mp4,0.98999995
5229.mp4,0.96430248
5230.mp4,0.009999999
5231.mp4,0.215306535
5232.mp4,0.014621399
5233.mp4,0.868317962
5234.mp4,0.012799263
5235.mp4,0.165693045
5236.mp4,0.012901236
5237.mp4,0.972816229
5238.mp4,0.170875087
5239.mp4,0.055129617
5240.mp4,0.044091575
5241.mp4,0.98999995
5242.mp4,0.120545328
5243.mp4,0.034016438
5244.mp4,0.989157319
5245.mp4,0.029652005
5246.mp4,0.019284261
5247.mp4,0.98999995
5248.mp4,0.031003339
5249.mp4,0.391661555
5250.mp4,0.98999995
5251.mp4,0.009999999
5252.mp4,0.990000129
5253.mp4,0.010000001
5254.mp4,0.009999998
5255.mp4,0.010000001
5256.mp4,0.017441891
5257.mp4,0.208006889
5258.mp4,0.031460855
5259.mp4,0.83613205
5260.mp4,0
5261.mp4,0.345792502
5262.mp4,0.184335187
5263.mp4,0.047701813
5264.mp4,0.315260321
5265.mp4,0.027180525
5266.mp4,0.01
5267.mp4,0.823090851
5268.mp4,0.98999989
5269.mp4,0.98999995
5270.mp4,0.973687589
5271.mp4,0.013947524
5272.mp4,0.990000069
5273.mp4,0.023298258
5274.mp4,0.013945941
5275.mp4,0.865067124
5276.mp4,0.087704182
5277.mp4,0.009999998
5278.mp4,0.604477525
5279.mp4,0.977686584
5280.mp4,0.99000001
5281.mp4,0.014103052
5282.mp4,0.052100182
5283.mp4,0.835289538
5284.mp4,0.014844671
5285.mp4,0.219439298
5286.mp4,0.01
5287.mp4,0.815241158
5288.mp4,0.032166079
5289.mp4,0.159375653
5290.mp4,0.211058721
5291.mp4,0.055678058
5292.mp4,0.162201568
5293.mp4,0.114299215
5294.mp4,0.990000129
5295.mp4,0.916818857
5296.mp4,0.151645407
5297.mp4,0.99000001
5298.mp4,0.125865951
5299.mp4,0.98999989
5300.mp4,0.161783874
5301.mp4,0.516981006
5302.mp4,0.021621997
5303.mp4,0.990000069
5304.mp4,0.010000001
5305.mp4,0.979966938
5306.mp4,0.640823781
5307.mp4,0.985698462
5308.mp4,0.162448913
5309.mp4,0.989999831
5310.mp4,0.737104177
5311.mp4,0.427921057
5312.mp4,0.06127689
5313.mp4,0.99000001
5314.mp4,0.193577379
5315.mp4,0.304373473
5316.mp4,0.99000001
5317.mp4,0.076182991
5318.mp4,0.010079377
5319.mp4,0.99000001
5320.mp4,0.55482924
5321.mp4,0.971049845
5322.mp4,0.073619567
5323.mp4,0.361994952
5324.mp4,0.018498672
5325.mp4,0.979018807
5326.mp4,0.020344134
5327.mp4,0.073103264
5328.mp4,0.580366313
5329.mp4,0.011638012
5330.mp4,0.870245934
5331.mp4,0.98999995
5332.mp4,0.041010544
5333.mp4,0.989999831
5334.mp4,0.242924526
5335.mp4,0.419508904
5336.mp4,0.025427723
5337.mp4,0.01447268
5338.mp4,0.99000001
5339.mp4,0.276312441
5340.mp4,0.02639555
5341.mp4,0.525522172
5342.mp4,0.886152506
5343.mp4,0.989826322
5344.mp4,0.009999999
5345.mp4,0.129007056
5346.mp4,0.026548864
5347.mp4,0.605774164
5348.mp4,0.229129985
5349.mp4,0.020221112
5350.mp4,0.009999998
5351.mp4,0.417232871
5352.mp4,0.047461484
5353.mp4,0.98999995
5354.mp4,0.99000001
5355.mp4,0.055389203
5356.mp4,0.01
5357.mp4,0.160972685
5358.mp4,0.177775428
5359.mp4,0.045815356
5360.mp4,0.981126249
5361.mp4,0.022798443
5362.mp4,0.076491505
5363.mp4,0.88673538
5364.mp4,0.011997034
5365.mp4,0.01
5366.mp4,0.858385682
5367.mp4,0.990000069
5368.mp4,0.092945173
5369.mp4,0.017464241
5370.mp4,0.010565386
5371.mp4,0.774208665
5372.mp4,0.023570526
5373.mp4,0.009999999
5374.mp4,0.172471806
5375.mp4,0.186915994
5376.mp4,0.466093123
5377.mp4,0.01
5378.mp4,0.01
5379.mp4,0.079700664
5380.mp4,0.989645898
5381.mp4,0.085613444
5382.mp4,0.990000069
5383.mp4,0.98999995
5384.mp4,0.093516283
5385.mp4,0.018813532
5386.mp4,0.255047798
5387.mp4,0.931084394
5388.mp4,0.01
5389.mp4,0.98999995
5390.mp4,0.98999995
5391.mp4,0.849511206
5392.mp4,0.99000001
5393.mp4,0.010367186
5394.mp4,0.891846895
5395.mp4,0.010000001
5396.mp4,0.031801116
5397.mp4,0.009999999
5398.mp4,0.99000001
5399.mp4,0.082361124
5400.mp4,0.015075801
5401.mp4,0.063241154
5402.mp4,0.01
5403.mp4,0.0125942
5404.mp4,0.99000001
5405.mp4,0.896463275
5406.mp4,0.014497596
5407.mp4,0.01
5408.mp4,0.097871132
5409.mp4,0.99000001
5410.mp4,0.035772361
5411.mp4,0.009999999
5412.mp4,0.499909967
5413.mp4,0.136682227
5414.mp4,0.806822717
5415.mp4,0.01
5416.mp4,0.691356659
5417.mp4,0.141113535
5418.mp4,0.024239987
5419.mp4,0.01
5420.mp4,1
5421.mp4,0.990000069
5422.mp4,0.513921142
5423.mp4,0.990000129
5424.mp4,0.414272606
5425.mp4,0.98999995
5426.mp4,0.048994642
5427.mp4,0.987058401
5428.mp4,0.985806584
5429.mp4,0.990000188
5430.mp4,0.009999999
5431.mp4,0.990000069
5432.mp4,0.124169581
5433.mp4,0.013763559
5434.mp4,0.168426782
5435.mp4,0.734116018
5436.mp4,0.030548085
5437.mp4,0.152769223
5438.mp4,0.95134908
5439.mp4,0.058321327
5440.mp4,0.009999999
5441.mp4,0.647779703
5442.mp4,0.10357821
5443.mp4,0.979788363
5444.mp4,0.984713674
5445.mp4,0.98999995
5446.mp4,0.030400546
5447.mp4,0.762870014
5448.mp4,0.983249366
5449.mp4,0.541912377
5450.mp4,0.847531199
5451.mp4,0.009999999
5452.mp4,0.989999831
5453.mp4,0.010000001
5454.mp4,0.155459017
5455.mp4,0.010396536
5456.mp4,0.112819456
5457.mp4,0.350799769
5458.mp4,0.920083225
5459.mp4,0.017106
5460.mp4,0.768089473
5461.mp4,0.014979247
5462.mp4,0.034601644
5463.mp4,0.009999999
5464.mp4,0.990000129
5465.mp4,0.761289477
5466.mp4,0.034894202
5467.mp4,0.443376005
5468.mp4,0.099865347
5469.mp4,0.870184839
5470.mp4,0.033256583
5471.mp4,0.98877573
5472.mp4,0.953333318
5473.mp4,0.99000001
5474.mp4,0.814116716
5475.mp4,0.98999995
5476.mp4,0.98999995
5477.mp4,0.343939215
5478.mp4,0.018253539
5479.mp4,0.987061441
5480.mp4,0.047909334
5481.mp4,0.805082738
5482.mp4,0.039993655
5483.mp4,0.010000002
5484.mp4,0.982968748
5485.mp4,0.990000069
5486.mp4,0.41308412
5487.mp4,0.013810931
5488.mp4,0.165034711
5489.mp4,0.7319929
5490.mp4,0.253490806
5491.mp4,0.99000001
5492.mp4,0.526147962
5493.mp4,0.20324488
5494.mp4,0.010530647
5495.mp4,0.98999995
5496.mp4,0.99000001
5497.mp4,0.025194064
5498.mp4,0.01
5499.mp4,0.01
5500.mp4,0.96610558
5501.mp4,0.98999995
5502.mp4,0.217320368
5503.mp4,0.987794399
5504.mp4,0.009999998
5505.mp4,0.013107941
5506.mp4,0.99000001
5507.mp4,0.98999995
5508.mp4,0.104873165
5509.mp4,0.956085324
5510.mp4,0.868613362
5511.mp4,0.084533937
5512.mp4,0.99000001
5513.mp4,0.955644786
5514.mp4,0.98709178
5515.mp4,0.013202775
5516.mp4,0.99000001
5517.mp4,0.014905157
5518.mp4,0.013329027
5519.mp4,0.017174304
5520.mp4,0.965525866
5521.mp4,0.98999995
5522.mp4,0.03142361
5523.mp4,0.083784699
5524.mp4,0.990000069
5525.mp4,0.415208429
5526.mp4,0.037777144
5527.mp4,0.970103562
5528.mp4,0.015007128
5529.mp4,0.981784225
5530.mp4,0.486001194
5531.mp4,0.813274622
5532.mp4,0.831569612
5533.mp4,0.01
5534.mp4,0.281796932
5535.mp4,0.01
5536.mp4,0.010000002
5537.mp4,0.01306784
5538.mp4,0.009999999
5539.mp4,0.01
5540.mp4,0.865810871
5541.mp4,0.024902275
5542.mp4,0.180457264
5543.mp4,0.066545233
5544.mp4,0.99000001
5545.mp4,0.018720746
5546.mp4,0.016436404
5547.mp4,0.195791945
5548.mp4,0.01
5549.mp4,0.604746997
5550.mp4,0.757489681
5551.mp4,0.010907956
5552.mp4,0.075108796
5553.mp4,0.609820604
5554.mp4,0.021368181
5555.mp4,0.010000001
5556.mp4,0.243606433
5557.mp4,0.168000713
5558.mp4,0.227895036
5559.mp4,0.126319915
5560.mp4,0.168213546
5561.mp4,0.989816129
5562.mp4,0.875481784
5563.mp4,0.939315796
5564.mp4,0.986978352
5565.mp4,0.135524482
5566.mp4,0.009999999
5567.mp4,0.96104002
5568.mp4,0.231827512
5569.mp4,0.01987
5570.mp4,0.98999995
5571.mp4,0.348551542
5572.mp4,0.01
5573.mp4,0.179637015
5574.mp4,0.609815657
5575.mp4,1
5576.mp4,0.069926247
5577.mp4,0.291345596
5578.mp4,0.028847802
5579.mp4,0.01
5580.mp4,0.079899728
5581.mp4,0.347880214
5582.mp4,0.631650805
5583.mp4,0.0262428
5584.mp4,0.436680883
5585.mp4,0.012861066
5586.mp4,0.062246509
5587.mp4,0.301512092
5588.mp4,0.990000069
5589.mp4,0.009999998
5590.mp4,0.018279077
5591.mp4,0.990000129
5592.mp4,0.990000069
5593.mp4,0.98999995
5594.mp4,0.982183814
5595.mp4,0.010000002
5596.mp4,0.112840101
5597.mp4,0.96977371
5598.mp4,0.019132152
5599.mp4,0.965302169
5600.mp4,0.10194423
5601.mp4,0.009999999
5602.mp4,0.009999999
5603.mp4,0.035560891
5604.mp4,0.985463381
5605.mp4,0.032293476
5606.mp4,0.010000001
5607.mp4,0.285608798
5608.mp4,1
5609.mp4,0.044986345
5610.mp4,0.98999995
5611.mp4,0.99000001
5612.mp4,0.961788535
5613.mp4,0.01
5614.mp4,0.989428759
5615.mp4,0.119739875
5616.mp4,0.987044394
5617.mp4,0.294884384
5618.mp4,0.082661837
5619.mp4,0.872334421
5620.mp4,0.200718388
5621.mp4,0.50517565
5622.mp4,0
5623.mp4,0.990000069
5624.mp4,0.41549173
5625.mp4,0.013065818
5626.mp4,0.942430079
5627.mp4,0.99000001
5628.mp4,0.009999999
5629.mp4,0.71519804
5630.mp4,0.491594762
5631.mp4,0.017668981
5632.mp4,0.011148707
5633.mp4,0.664708972
5634.mp4,0.69347316
5635.mp4,0.99000001
5636.mp4,0.100330934
5637.mp4,0.98999995
5638.mp4,0.014224934
5639.mp4,0.015735388
5640.mp4,0.64528501
5641.mp4,0.026278453
5642.mp4,0.01
5643.mp4,0.990000069
5644.mp4,0.337221831
5645.mp4,0.013394191
5646.mp4,0.298250377
5647.mp4,0.010000001
5648.mp4,0.052250981
5649.mp4,0.200397789
5650.mp4,0.009999999
5651.mp4,0.064633228
5652.mp4,0.18594259
5653.mp4,0.096377194
5654.mp4,0.009999999
5655.mp4,0.651162803
5656.mp4,0.99000001
5657.mp4,0.026516803
5658.mp4,0.010000001
5659.mp4,0.01
5660.mp4,0.932672918
5661.mp4,0.990000069
5662.mp4,0.018668275
5663.mp4,0
5664.mp4,0.989002883
5665.mp4,0.019198727
5666.mp4,0.798612297
5667.mp4,0.99000001
5668.mp4,0.093236305
5669.mp4,0.900256455
5670.mp4,0.12151666
5671.mp4,0.023862282
5672.mp4,0.065456629
5673.mp4,0.01
5674.mp4,0.98999995
5675.mp4,0.68614918
5676.mp4,0.019072179
5677.mp4,0.987047791
5678.mp4,0.030009
5679.mp4,0.16380854
5680.mp4,0.18705593
5681.mp4,0.99000001
5682.mp4,0.014518046
5683.mp4,0.880730152
5684.mp4,0.059859492
5685.mp4,0.274344891
5686.mp4,0.987993896
5687.mp4,0.01330329
5688.mp4,0.009999999
5689.mp4,0.654420793
5690.mp4,0.009999999
5691.mp4,0.532047987
5692.mp4,0.009999999
5693.mp4,0.418440551
5694.mp4,0.98999995
5695.mp4,0.798679411
5696.mp4,0.986116707
5697.mp4,0.971796215
5698.mp4,0.624397337
5699.mp4,0.113299206
5700.mp4,0.989610493
5701.mp4,0.99000001
5702.mp4,0.88176775
5703.mp4,0.893073201
5704.mp4,0.040294081
5705.mp4,0.013216944
5706.mp4,0.04430408
5707.mp4,0.037658565
5708.mp4,0.034428604
5709.mp4,0.988248169
5710.mp4,0.26638329
5711.mp4,0.240023822
5712.mp4,0.012146793
5713.mp4,0.028363826
5714.mp4,0.137639582
5715.mp4,0.025554907
5716.mp4,0.990000069
5717.mp4,0.990000069
5718.mp4,0.109602541
5719.mp4,0.088074319
5720.mp4,0.322177619
5721.mp4,0.010000001
5722.mp4,0.009999998
5723.mp4,0.076963052
5724.mp4,0.025605809
5725.mp4,0.982758224
5726.mp4,0.581867158
5727.mp4,0.98999995
5728.mp4,0.018950472
5729.mp4,0.115196988
5730.mp4,0.01
5731.mp4,0.93053174
5732.mp4,0.171520576
5733.mp4,0.012183514
5734.mp4,0.059062004
5735.mp4,0.016870784
5736.mp4,0.990000069
5737.mp4,0.99000001
5738.mp4,0.062718667
5739.mp4,0.558096945
5740.mp4,0.064405352
5741.mp4,0.469832599
5742.mp4,0.928444445
5743.mp4,0.050008167
5744.mp4,0.986372888
5745.mp4,0.90318501
5746.mp4,0.988405526
5747.mp4,0.016150627
5748.mp4,0.926289737
5749.mp4,0.02411389
5750.mp4,0.072659492
5751.mp4,0.99000001
5752.mp4,0.99000001
5753.mp4,0.865138888
5754.mp4,0.010000001
5755.mp4,0.971284032
5756.mp4,0.010251444
5757.mp4,0.990000069
5758.mp4,0.920594215
5759.mp4,0.009999999
5760.mp4,0.938589215
5761.mp4,0.989726663
5762.mp4,0.971814454
5763.mp4,0.01
5764.mp4,0.655146897
5765.mp4,0.013316176
5766.mp4,0.026078338
5767.mp4,0.282096893
5768.mp4,0.014043047
5769.mp4,0.01
5770.mp4,0.024612768
5771.mp4,0.523180187
5772.mp4,0.960394859
5773.mp4,0.986315072
5774.mp4,0.173368379
5775.mp4,0.989999831
5776.mp4,0.981798768
5777.mp4,0.014135213
5778.mp4,0.012885677
5779.mp4,0.143112808
5780.mp4,0.988328457
5781.mp4,0.01
5782.mp4,0.074807197
5783.mp4,0.074199252
5784.mp4,0.232567698
5785.mp4,0.98656261
5786.mp4,0.975503623
5787.mp4,0.226389349
5788.mp4,0.931200147
5789.mp4,0.98999995
5790.mp4,0.9453426
5791.mp4,0.01
5792.mp4,0.116552778
5793.mp4,0.154991284
5794.mp4,0.085205533
5795.mp4,0.990000069
5796.mp4,0.990000069
5797.mp4,0.122054584
5798.mp4,0.009999998
5799.mp4,0.061234578
5800.mp4,0.987261295
5801.mp4,0.99000001
5802.mp4,0.957393706
5803.mp4,0.989999831
5804.mp4,0.018406481
5805.mp4,0.012945184
5806.mp4,0.98999989
5807.mp4,0.009999999
5808.mp4,0.011549322
5809.mp4,0.990000069
5810.mp4,0.059724074
5811.mp4,0.053641748
5812.mp4,0.418293804
5813.mp4,0.553479612
5814.mp4,0.941430748
5815.mp4,0.021222342
5816.mp4,0.013164391
5817.mp4,0.990000069
5818.mp4,0.037443768
5819.mp4,0.121123016
5820.mp4,0.651750445
5821.mp4,0.116016619
5822.mp4,0.349453181
5823.mp4,0.023255533
5824.mp4,0.039705243
5825.mp4,0.094075225
5826.mp4,0.98999989
5827.mp4,0.049441684
5828.mp4,0.194754094
5829.mp4,0.853821099
5830.mp4,0.01
5831.mp4,0.599906266
5832.mp4,0.292055547
5833.mp4,0.009999999
5834.mp4,0.270154983
5835.mp4,0.012544948
5836.mp4,0.0231984
5837.mp4,0.01
5838.mp4,0.081908874
5839.mp4,0.99000001
5840.mp4,0.958026707
5841.mp4,0.027934419
5842.mp4,0.990000069
5843.mp4,0.903901577
5844.mp4,0.017094815
5845.mp4,0.010000001
5846.mp4,0.98999995
5847.mp4,0.063889287
5848.mp4,0.010000001
5849.mp4,0.990000129
5850.mp4,0.941524982
5851.mp4,0.009999999
5852.mp4,0.009999999
5853.mp4,0.139454544
5854.mp4,0.054433979
5855.mp4,0.077871606
5856.mp4,0.98999995
5857.mp4,0.012007044
5858.mp4,0.990000069
5859.mp4,0.154760122
5860.mp4,0.010000001
5861.mp4,0.154033944
5862.mp4,0.990000069
5863.mp4,0.690340996
5864.mp4,0.020838238
5865.mp4,0.98999995
5866.mp4,0.989989042
5867.mp4,0.99000001
5868.mp4,0.069468513
5869.mp4,0.165234506
5870.mp4,0.307440281
5871.mp4,0.049740911
5872.mp4,0.025968881
5873.mp4,0.031582035
5874.mp4,0.188728631
5875.mp4,0.014032132
5876.mp4,0.07773418
5877.mp4,0.985651016
5878.mp4,0.98999995
5879.mp4,0.98999995
5880.mp4,0.014727578
5881.mp4,0.680324435
5882.mp4,0.026934339
5883.mp4,0.990000069
5884.mp4,0.213376522
5885.mp4,0.090235926
5886.mp4,0.009999999
5887.mp4,0.025141323
5888.mp4,0.352613509
5889.mp4,0.985910892
5890.mp4,0.98999995
5891.mp4,0.952755392
5892.mp4,0.009999999
5893.mp4,0.234286308
5894.mp4,0.010000001
5895.mp4,0.99000001
5896.mp4,0.032377794
5897.mp4,0.99000001
5898.mp4,0.01
5899.mp4,0.629850745
5900.mp4,0.045890715
5901.mp4,0.990000069
5902.mp4,0.01261524
5903.mp4,0.026399989
5904.mp4,0.103188023
5905.mp4,0.016770031
5906.mp4,0.014956412
5907.mp4,0.505819798
5908.mp4,0.10305541
5909.mp4,0.969084382
5910.mp4,0.093909971
5911.mp4,0.840958893
5912.mp4,0.206803694
5913.mp4,0.218991995
5914.mp4,0.228879035
5915.mp4,0.98999989
5916.mp4,0.038372587
5917.mp4,0.010000001
5918.mp4,0.100883715
5919.mp4,0.440171987
5920.mp4,0.98999989
5921.mp4,0.990000069
5922.mp4,0.98999995
5923.mp4,0.01
5924.mp4,0.983673811
5925.mp4,0.009999999
5926.mp4,0.110215463
5927.mp4,0.990000069
5928.mp4,0.307131916
5929.mp4,0.195087388
5930.mp4,0.010000001
5931.mp4,0.012315349
5932.mp4,0.013751908
5933.mp4,0.135911614
5934.mp4,0.009999999
5935.mp4,0.936864972
5936.mp4,0.009999999
5937.mp4,0.041180864
5938.mp4,0.98999995
5939.mp4,0.990000129
5940.mp4,0.01
5941.mp4,0.99000001
5942.mp4,0.020704972
5943.mp4,0.989502847
5944.mp4,0.180432484
5945.mp4,0.990000129
5946.mp4,0.98999995
5947.mp4,0.860872388
5948.mp4,0.0114792
5949.mp4,0.154300421
5950.mp4,0.030743161
5951.mp4,0.668262064
5952.mp4,0.40094915
5953.mp4,0.113889933
5954.mp4,0.986312211
5955.mp4,0.990000129
5956.mp4,0.018549861
5957.mp4,0.990000069
5958.mp4,0.020105841
5959.mp4,0.990000129
5960.mp4,0.027068529
5961.mp4,0.014425153
5962.mp4,0.215796053
5963.mp4,0.01
5964.mp4,0.99000001
5965.mp4,0.99000001
5966.mp4,0.99000001
5967.mp4,0.957879901
5968.mp4,0.963155925
5969.mp4,0.075117484
5970.mp4,0.0108551
5971.mp4,0.022439903
5972.mp4,0.228427917
5973.mp4,0.017694533
5974.mp4,0.066505708
5975.mp4,0.963824451
5976.mp4,0.657653213
5977.mp4,0.844527602
5978.mp4,0.010000001
5979.mp4,0.142070621
5980.mp4,0.046890728
5981.mp4,0.009999999
5982.mp4,0.016666275
5983.mp4,0.98999995
5984.mp4,0.041375957
5985.mp4,0.249518171
5986.mp4,0.048208732
5987.mp4,0.718612552
5988.mp4,0.070933335
5989.mp4,0.01
5990.mp4,0.010000001
5991.mp4,0.911559761
5992.mp4,0.851896226
5993.mp4,0.057242811
5994.mp4,0.013757276
5995.mp4,0.013107047
5996.mp4,0.98999995
5997.mp4,0.023566671
5998.mp4,0.99000001
5999.mp4,0.017576568
6000.mp4,0.982863784
6001.mp4,0.029625582
6002.mp4,0.012008407
6003.mp4,0.027583255
6004.mp4,0.016356835
6005.mp4,0.01
6006.mp4,0.979206085
6007.mp4,0.816464186
6008.mp4,0.990000129
6009.mp4,0.418002933
6010.mp4,0.990000069
6011.mp4,0.01
6012.mp4,0.240729362
6013.mp4,0.979305029
6014.mp4,0.132287815
6015.mp4,0.990000069
6016.mp4,0.010743758
6017.mp4,0.97113055
6018.mp4,0.338902742
6019.mp4,0.989418924
6020.mp4,0.114908144
6021.mp4,0.989999831
6022.mp4,0.3891882
6023.mp4,0.010000001
6024.mp4,0.990000069
6025.mp4,0.030425202
6026.mp4,0.060561478
6027.mp4,0.038312618
6028.mp4,0.013490398
6029.mp4,0.034678977
6030.mp4,0.988067329
6031.mp4,0.010000001
6032.mp4,0.014471209
6033.mp4,0.030777749
6034.mp4,0.021151068
6035.mp4,0.818956137
6036.mp4,0.980205357
6037.mp4,0.01
6038.mp4,0.010354554
6039.mp4,0.087062575
6040.mp4,0.011064479
6041.mp4,0.010000001
6042.mp4,0.03724131
6043.mp4,0.99000001
6044.mp4,0.09751232
6045.mp4,0.01156865
6046.mp4,0.111423798
6047.mp4,0.355637819
6048.mp4,0.9899382
6049.mp4,0.080454409
6050.mp4,0.067819513
6051.mp4,0.010000001
6052.mp4,0.37777105
6053.mp4,0.03540061
6054.mp4,0.779821813
6055.mp4,0.01
6056.mp4,0.985847175
6057.mp4,0.01
6058.mp4,0.009999999
6059.mp4,0.855698228
6060.mp4,0.010000001
6061.mp4,0.238746375
6062.mp4,0.010000001
6063.mp4,0.080891311
6064.mp4,0.014999504
6065.mp4,0.014240555
6066.mp4,0.082135715
6067.mp4,0.011489482
6068.mp4,0.971320808
6069.mp4,0.98999995
6070.mp4,0.014558131
6071.mp4,0.01
6072.mp4,0.983390331
6073.mp4,0.052321821
6074.mp4,0.181380793
6075.mp4,0.009999999
6076.mp4,0.061744068
6077.mp4,0.02653151
6078.mp4,0.095898733
6079.mp4,0.015232112
6080.mp4,0.964931607
6081.mp4,0.01
6082.mp4,0.076903597
6083.mp4,0.093944781
6084.mp4,0.009999999
6085.mp4,0.752698362
6086.mp4,0.283789694
6087.mp4,0.05393539
6088.mp4,0.578867257
6089.mp4,0.022753146
6090.mp4,0.379974484
6091.mp4,0.99000001
6092.mp4,0.096119419
6093.mp4,0.912711143
6094.mp4,0.026304442
6095.mp4,0.011671122
6096.mp4,0.641696692
6097.mp4,0.919532835
6098.mp4,0.190369606
6099.mp4,0.063161783
6100.mp4,0.14323993
6101.mp4,0.066417985
6102.mp4,0.021097315
6103.mp4,0.989249468
6104.mp4,0.428077847
6105.mp4,0.168490499
6106.mp4,0.042442262
6107.mp4,0.022409808
6108.mp4,0.98999995
6109.mp4,0.111787252
6110.mp4,0.360815436
6111.mp4,0.013175261
6112.mp4,0.009999999
6113.mp4,0.74992907
6114.mp4,0.009999999
6115.mp4,0.303680599
6116.mp4,0.03438453
6117.mp4,0.015524612
6118.mp4,0.110106543
6119.mp4,0.53839767
6120.mp4,0.031351574
6121.mp4,0.011994331
6122.mp4,0.985647976
6123.mp4,0.909469962
6124.mp4,0.98999995
6125.mp4,0.010000001
6126.mp4,0.601744652
6127.mp4,0.925040781
6128.mp4,0.98999995
6129.mp4,0.98999995
6130.mp4,0.990000188
6131.mp4,0.010012674
6132.mp4,0.039533429
6133.mp4,0.016993063
6134.mp4,0.012521075
6135.mp4,0.010000001
6136.mp4,0.917232633
6137.mp4,0.990000129
6138.mp4,0.99000001
6139.mp4,0.015997574
6140.mp4,0.990000069
6141.mp4,0.205104962
6142.mp4,0.017018111
6143.mp4,0.011264139
6144.mp4,0.01
6145.mp4,0.760222614
6146.mp4,0.015053349
6147.mp4,0.593383074
6148.mp4,0.01
6149.mp4,0.982449949
6150.mp4,0.113346227
6151.mp4,0.94103682
6152.mp4,0.010000001
6153.mp4,0.126081988
6154.mp4,0.978333652
6155.mp4,0.069561288
6156.mp4,0.99000001
6157.mp4,0.796560168
6158.mp4,0.938325465
6159.mp4,0.009999999
6160.mp4,0.990000129
6161.mp4,1
6162.mp4,0.635443926
6163.mp4,0.15783
6164.mp4,0.011448872
6165.mp4,0.643222213
6166.mp4,0.009999999
6167.mp4,0.98999995
6168.mp4,0.81703639
6169.mp4,0.982791722
6170.mp4,0.870674193
6171.mp4,0.009999999
6172.mp4,0.98999995
6173.mp4,0.080412336
6174.mp4,0.881339908
6175.mp4,0.707818329
6176.mp4,0.015663467
6177.mp4,0.011176984
6178.mp4,0.016131915
6179.mp4,0.009999999
6180.mp4,0.01
6181.mp4,0.990000129
6182.mp4,0.990000069
6183.mp4,0.055293966
6184.mp4,0.98999995
6185.mp4,0.491179854
6186.mp4,0.020196177
6187.mp4,0.990000129
6188.mp4,0.707739055
6189.mp4,0.014862319
6190.mp4,0.042862702
6191.mp4,0.975821614
6192.mp4,0.02949306
6193.mp4,0.085050963
6194.mp4,0.01
6195.mp4,0.816681683
6196.mp4,0.826490939
6197.mp4,0.009999999
6198.mp4,0.209786609
6199.mp4,0.020942554
6200.mp4,0.010108142
6201.mp4,0.053918447
6202.mp4,0.277319044
6203.mp4,0.982314467
6204.mp4,0.084308423
6205.mp4,0.99000001
6206.mp4,0.011994421
6207.mp4,0.898237169
6208.mp4,0.010000001
6209.mp4,0.049133081
6210.mp4,0.010000001
6211.mp4,0.01954188
6212.mp4,0.013868121
6213.mp4,0.99000001
6214.mp4,0.009999999
6215.mp4,0.687469304
6216.mp4,0.990000129
6217.mp4,0.43563658
6218.mp4,0.588805735
6219.mp4,0.133892462
6220.mp4,0.217143476
6221.mp4,0.010000001
6222.mp4,0.99000001
6223.mp4,0.98999995
6224.mp4,0.250145137
6225.mp4,0.99000001
6226.mp4,0.01
6227.mp4,0.009999999
6228.mp4,0.015885908
6229.mp4,0.98999995
6230.mp4,0.088675663
6231.mp4,0.95625627
6232.mp4,0.01
6233.mp4,0.987989545
6234.mp4,0.016626876
6235.mp4,0.022723218
6236.mp4,0.009999998
6237.mp4,0.01
6238.mp4,0.01
6239.mp4,0.99000001
6240.mp4,0.011033879
6241.mp4,0.009999998
6242.mp4,0.01
6243.mp4,0.99000001
6244.mp4,0.01
6245.mp4,0.013080764
6246.mp4,1
6247.mp4,0.036557093
6248.mp4,0.009999999
6249.mp4,0.013886397
6250.mp4,0.885834873
6251.mp4,0.066971257
6252.mp4,0.99000001
6253.mp4,0.010000001
6254.mp4,0.404861212
6255.mp4,0.016785033
6256.mp4,0.091095887
6257.mp4,0.990000129
6258.mp4,0.067930885
6259.mp4,0.392950296
6260.mp4,0.966328382
6261.mp4,0.01
6262.mp4,0.989314377
6263.mp4,0.011556779
6264.mp4,0.386556476
6265.mp4,0.028230118
6266.mp4,0.010679934
6267.mp4,0.010000001
6268.mp4,0.266843915
6269.mp4,0.150712982
6270.mp4,0.990000069
6271.mp4,0.011037961
6272.mp4,0.98999995
6273.mp4,0.981889307
6274.mp4,0.107356064
6275.mp4,0.009999999
6276.mp4,0.010296488
6277.mp4,0.98999995
6278.mp4,0.010596147
6279.mp4,0.066038564
6280.mp4,0.035003968
6281.mp4,0.866526723
6282.mp4,0.761908412
6283.mp4,0.026312329
6284.mp4,0.069054283
6285.mp4,0.83916384
6286.mp4,0.049926031
6287.mp4,0.98262167
6288.mp4,0.367606968
6289.mp4,0.058911365
6290.mp4,0.031094532
6291.mp4,0.990000129
6292.mp4,0.700139701
6293.mp4,0.090023667
6294.mp4,0.655604959
6295.mp4,0.990000069
6296.mp4,0.339319915
6297.mp4,0.925793946
6298.mp4,0.390136719
6299.mp4,0.010377735
6300.mp4,0.904512167
6301.mp4,0.036313802
6302.mp4,0.046712603
6303.mp4,0.90892303
6304.mp4,0.201267064
6305.mp4,0.109510973
6306.mp4,0.015129493
6307.mp4,0.013925176
6308.mp4,0.98999995
6309.mp4,0.909256816
6310.mp4,0.096280575
6311.mp4,0.162228122
6312.mp4,0.899247348
6313.mp4,0.048162796
6314.mp4,0.98999995
6315.mp4,0.009999999
6316.mp4,0.016799249
6317.mp4,0.273375481
6318.mp4,0.01
6319.mp4,0.990000069
6320.mp4,0.98999989
6321.mp4,0.357561976
6322.mp4,0.953722537
6323.mp4,0.022346113
6324.mp4,0.01
6325.mp4,0.021948451
6326.mp4,0.552671194
6327.mp4,0.033901375
6328.mp4,0.990000129
6329.mp4,0.022547621
6330.mp4,0.957814217
6331.mp4,0.94614476
6332.mp4,0.042969346
6333.mp4,0.990000069
6334.mp4,0.054359343
6335.mp4,0.99000001
6336.mp4,0.270383328
6337.mp4,0.983234763
6338.mp4,0.170262173
6339.mp4,0.087816581
6340.mp4,0.949263573
6341.mp4,0.961651623
6342.mp4,0.041477144
6343.mp4,0.064459942
6344.mp4,0.032036096
6345.mp4,0.787257612
6346.mp4,0.98999995
6347.mp4,0.067310013
6348.mp4,0.98999995
6349.mp4,0.131946415
6350.mp4,0.01
6351.mp4,0.071073793
6352.mp4,0.98999989
6353.mp4,0.184240997
6354.mp4,0.99000001
6355.mp4,0.627188921
6356.mp4,0.177770123
6357.mp4,0.009999999
6358.mp4,0.990000069
6359.mp4,0.622324646
6360.mp4,0.99000001
6361.mp4,0.010420889
6362.mp4,0.035245363
6363.mp4,0.11343056
6364.mp4,0.010000001
6365.mp4,0.946667433
6366.mp4,0.014946102
6367.mp4,0.81556046
6368.mp4,0.061829358
6369.mp4,0.120885074
6370.mp4,0.958664417
6371.mp4,0.010591114
6372.mp4,0.511036217
6373.mp4,0.389252871
6374.mp4,0.01
6375.mp4,0.01
6376.mp4,0.864804626
6377.mp4,0.010000001
6378.mp4,0.01
6379.mp4,0.010255246
6380.mp4,0.035545789
6381.mp4,0.011619263
6382.mp4,0.978240132
6383.mp4,0.948526442
6384.mp4,0.990000069
6385.mp4,0.98999995
6386.mp4,0.01016246
6387.mp4,0.018753102
6388.mp4,0.98999989
6389.mp4,0.014792982
6390.mp4,0.041179504
6391.mp4,0.047293793
6392.mp4,0.010000001
6393.mp4,0.08876881
6394.mp4,0.977999091
6395.mp4,0.85406971
6396.mp4,0.985099673
6397.mp4,0.043817423
6398.mp4,0.990000188
6399.mp4,0.01
6400.mp4,0.891016483
6401.mp4,0.126188815
6402.mp4,0.071426168
6403.mp4,0.98999995
6404.mp4,0.981405377
6405.mp4,0.028297778
6406.mp4,0.940633476
6407.mp4,0.949624717
6408.mp4,0.821616173
6409.mp4,0.985642433
6410.mp4,0.98484695
6411.mp4,0.990000129
6412.mp4,0.020456383
6413.mp4,0.01
6414.mp4,0.98999995
6415.mp4,0.01768245
6416.mp4,0.98999995
6417.mp4,0.014073142
6418.mp4,0
6419.mp4,0.01
6420.mp4,0.927957892
6421.mp4,0.01
6422.mp4,0.188331336
6423.mp4,0.01
6424.mp4,0.038433719
6425.mp4,0.019908752
6426.mp4,0.240904063
6427.mp4,0.028717713
6428.mp4,0.910078466
6429.mp4,0.038757171
6430.mp4,0.059271954
6431.mp4,0.98999989
6432.mp4,0.779820681
6433.mp4,0.612796307
6434.mp4,0.984461725
6435.mp4,0.018422507
6436.mp4,0.010197586
6437.mp4,0.151329473
6438.mp4,0.014520738
6439.mp4,0.014535982
6440.mp4,0.017331691
6441.mp4,0.937251151
6442.mp4,0.981611907
6443.mp4,0.341937214
6444.mp4,0.99000001
6445.mp4,0.99000001
6446.mp4,0.01
6447.mp4,0.129467726
6448.mp4,0.314506501
6449.mp4,0.698226213
6450.mp4,0.041243039
6451.mp4,0.202042907
6452.mp4,0.009999999
6453.mp4,0.010000001
6454.mp4,0.026451608
6455.mp4,0.01
6456.mp4,0.010000001
6457.mp4,0.01
6458.mp4,0.99000001
6459.mp4,0.01
6460.mp4,0.03486817
6461.mp4,0.037089329
6462.mp4,0.018431535
6463.mp4,0.053901151
6464.mp4,0.967642009
6465.mp4,0.99000001
6466.mp4,0.548458934
6467.mp4,0.032184519
6468.mp4,0.017725581
6469.mp4,0.030658448
6470.mp4,0.16610834
6471.mp4,0.856983602
6472.mp4,0.143183962
6473.mp4,0.880461991
6474.mp4,0.98999995
6475.mp4,0.136113971
6476.mp4,0.048760105
6477.mp4,0.900622666
6478.mp4,0.089588337
6479.mp4,0.256835818
6480.mp4,0.950763226
6481.mp4,0.20993726
6482.mp4,0.01
6483.mp4,0.021903997
6484.mp4,0.010457703
6485.mp4,0.903343797
6486.mp4,0.013723016
6487.mp4,0.190161169
6488.mp4,0.89695394
6489.mp4,0.052059866
6490.mp4,0.083619878
6491.mp4,0.029937183
6492.mp4,0.32614994
6493.mp4,0.057068475
6494.mp4,0.498437643
6495.mp4,0.096337229
6496.mp4,0.872711837
6497.mp4,0.011742896
6498.mp4,0.987384021
6499.mp4,0.98999989
6500.mp4,0.010000001
6501.mp4,0.010000001
6502.mp4,0.98999989
6503.mp4,0.798588753
6504.mp4,0.833486676
6505.mp4,0.107096918
6506.mp4,0.01
6507.mp4,0.567516387
6508.mp4,0.011810821
6509.mp4,0.01
6510.mp4,0.99000001
6511.mp4,0.99000001
6512.mp4,0.77652216
6513.mp4,0.984378815
6514.mp4,0.100212067
6515.mp4,0.01131674
6516.mp4,0.009999999
6517.mp4,0.05482582
6518.mp4,0.990000069
6519.mp4,0.185798913
6520.mp4,0.290956378
6521.mp4,0.985120118
6522.mp4,0.990000069
6523.mp4,0.989999831
6524.mp4,0.009999998
6525.mp4,0.409721375
6526.mp4,0.041042548
6527.mp4,0.019281464
6528.mp4,0.153488472
6529.mp4,0.010000001
6530.mp4,0.012563867
6531.mp4,0.239246339
6532.mp4,0.009999998
6533.mp4,0.91599673
6534.mp4,0.034227241
6535.mp4,0.257537723
6536.mp4,0.98999995
6537.mp4,0.638751268
6538.mp4,0.04160763
6539.mp4,0.99000001
6540.mp4,0.857296109
6541.mp4,0.556084335
6542.mp4,0.98999989
6543.mp4,0.286195159
6544.mp4,0.305462509
6545.mp4,0.009999998
6546.mp4,0.053137578
6547.mp4,0.010000001
6548.mp4,0.99000001
6549.mp4,0.371183723
6550.mp4,0.033778369
6551.mp4,0.975867093
6552.mp4,0.025247
6553.mp4,0.175370604
6554.mp4,0.010000001
6555.mp4,0.99000001
6556.mp4,0.942762971
6557.mp4,0.01
6558.mp4,0.874074221
6559.mp4,0.990000069
6560.mp4,0.114724725
6561.mp4,0.012547316
6562.mp4,0.026383366
6563.mp4,0.990000069
6564.mp4,0.507434845
6565.mp4,0.104916371
6566.mp4,0.155962169
6567.mp4,0.059091318
6568.mp4,0.014838734
6569.mp4,0.078758903
6570.mp4,0.052723441
6571.mp4,0.011162111
6572.mp4,0.015149576
6573.mp4,0.312613696
6574.mp4,0.040468775
6575.mp4,0.558097839
6576.mp4,0.637594283
6577.mp4,0.990000069
6578.mp4,0.988226116
6579.mp4,0.682271183
6580.mp4,0.99000001
6581.mp4,0.01
6582.mp4,0.015419768
6583.mp4,0.494807035
6584.mp4,0.951540828
6585.mp4,0.563825965
6586.mp4,0.013425075
6587.mp4,0.98999989
6588.mp4,0.750481904
6589.mp4,0.183279052
6590.mp4,0.981455743
6591.mp4,0.010000001
6592.mp4,0.009999998
6593.mp4,0.010000001
6594.mp4,0.947590768
6595.mp4,0.01
6596.mp4,0.963733017
6597.mp4,0.009999999
6598.mp4,0.033196937
6599.mp4,0.103597298
6600.mp4,0.208251268
6601.mp4,0.01
6602.mp4,0.982754827
6603.mp4,0.990000069
6604.mp4,0.010000001
6605.mp4,0.279471576
6606.mp4,0.990000069
6607.mp4,0.271413594
6608.mp4,0.98999989
6609.mp4,0.990000069
6610.mp4,0.018822575
6611.mp4,0.010000002
6612.mp4,0.055718042
6613.mp4,0.938308358
6614.mp4,0.066554554
6615.mp4,0.033997826
6616.mp4,0.016137777
6617.mp4,0.882249892
6618.mp4,0.179879338
6619.mp4,0.98999995
6620.mp4,0.024502143
6621.mp4,0.009999999
6622.mp4,0.01
6623.mp4,0.018475503
6624.mp4,0.010000001
6625.mp4,0.12064109
6626.mp4,0.75252682
6627.mp4,0.989999831
6628.mp4,0.016184043
6629.mp4,0.056376692
6630.mp4,0.17573823
6631.mp4,0.98999995
6632.mp4,0.937983632
6633.mp4,0.037289139
6634.mp4,0.98999989
6635.mp4,0.036448691
6636.mp4,0.051060483
6637.mp4,0.381301939
6638.mp4,0.046156079
6639.mp4,0.009999998
6640.mp4,0.031000774
6641.mp4,0.990000069
6642.mp4,0.982937753
6643.mp4,0.022986151
6644.mp4,0.02823942
6645.mp4,0.91820389
6646.mp4,0.891200185
6647.mp4,0.242111832
6648.mp4,0.018385094
6649.mp4,0.009999999
6650.mp4,0.010000001
6651.mp4,0.252232254
6652.mp4,0.934234321
6653.mp4,0.98999995
6654.mp4,0.603055775
6655.mp4,0.009999999
6656.mp4,0.078617744
6657.mp4,0.985151947
6658.mp4,0.903983235
6659.mp4,0.695501387
6660.mp4,0.422638446
6661.mp4,0.015046106
6662.mp4,0.99000001
6663.mp4,0.795779765
6664.mp4,0.015657011
6665.mp4,0.99000001
6666.mp4,0.126295239
6667.mp4,0.021059204
6668.mp4,0.207113698
6669.mp4,0.942028522
6670.mp4,0.839187562
6671.mp4,0.310190588
6672.mp4,0.011386244
6673.mp4,0.96070379
6674.mp4,0.01
6675.mp4,0.966722965
6676.mp4,0.009999999
6677.mp4,0.01
6678.mp4,0.010598094
6679.mp4,0.062410504
6680.mp4,0.819564104
6681.mp4,0.98999989
6682.mp4,0.161329344
6683.mp4,0.010000001
6684.mp4,0.010000001
6685.mp4,0.98243016
6686.mp4,0.01
6687.mp4,0.990000069
6688.mp4,0.18379423
6689.mp4,0.01
6690.mp4,0.989715993
6691.mp4,0.059885781
6692.mp4,0.01
6693.mp4,0.012811578
6694.mp4,0.114924736
6695.mp4,0.698246419
6696.mp4,0.022454303
6697.mp4,0.010000001
6698.mp4,0.184134156
6699.mp4,0.012004732
6700.mp4,0.010455014
6701.mp4,0.152025089
6702.mp4,0.99000001
6703.mp4,0.988222778
6704.mp4,0.99000001
6705.mp4,0.010000001
6706.mp4,0.484756708
6707.mp4,0.816416144
6708.mp4,0.010000001
6709.mp4,0.986369252
6710.mp4,0.4394297
6711.mp4,0.77278924
6712.mp4,0.01
6713.mp4,0.443543553
6714.mp4,0.978879929
6715.mp4,0.559982836
6716.mp4,0.298878789
6717.mp4,0.009999999
6718.mp4,0.025148248
6719.mp4,0.810900152
6720.mp4,0.320732355
6721.mp4,0.105021946
6722.mp4,0.009999999
6723.mp4,0.99000001
6724.mp4,0.688458025
6725.mp4,0.014508716
6726.mp4,0.028134596
6727.mp4,0.015270424
6728.mp4,0.905004621
6729.mp4,0.014159101
6730.mp4,0.01
6731.mp4,0.98966825
6732.mp4,0.016631464
6733.mp4,0.077896602
6734.mp4,0.986855626
6735.mp4,0.983134568
6736.mp4,0.015520616
6737.mp4,0.015356252
6738.mp4,0.017008649
6739.mp4,0.011183429
6740.mp4,0.01296029
6741.mp4,0.099613503
6742.mp4,0.239804909
6743.mp4,0.01
6744.mp4,0.01
6745.mp4,0.01
6746.mp4,0.01
6747.mp4,0.036227476
6748.mp4,0.928228796
6749.mp4,0.054323912
6750.mp4,0.017108025
6751.mp4,0.010000001
6752.mp4,0.809217334
6753.mp4,0.046016697
6754.mp4,0.135991827
6755.mp4,0.010000001
6756.mp4,0.021590035
6757.mp4,0.868129492
6758.mp4,0.362910002
6759.mp4,0.022192642
6760.mp4,0.010000001
6761.mp4,0.160871208
6762.mp4,0.060491804
6763.mp4,0.010249539
6764.mp4,0.551211894
6765.mp4,0.792022526
6766.mp4,0.011518681
6767.mp4,0.970587134
6768.mp4,0.990000069
6779.mp4,1
6770.mp4,0.038390346
6771.mp4,0.978588998
6772.mp4,0.715979695
6773.mp4,0.768018842
6774.mp4,0.547608554
6775.mp4,0.68414557
6776.mp4,0.01
6777.mp4,0.012735968
6778.mp4,0.119036652
6779.mp4,0.10516838
6780.mp4,0.812015116
6781.mp4,0.020634897
6782.mp4,0.044430625
6783.mp4,0.990000069
6784.mp4,0.300216168
6785.mp4,0.057966288
6786.mp4,0.041902263
6787.mp4,0.49434182
6788.mp4,0.99000001
6789.mp4,0.987480521
6790.mp4,0.99000001
6791.mp4,0.99000001
6792.mp4,0.98999995
6793.mp4,0.990000129
6794.mp4,0.046664838
6795.mp4,0.107354298
6796.mp4,0.98999995
6797.mp4,0.009999999
6798.mp4,0.01
6799.mp4,0.009999999
6800.mp4,0.445246816
6801.mp4,0.990000069
6802.mp4,0.010000001
6803.mp4,0.199298397
6804.mp4,0.014240189
6805.mp4,0.990000069
6806.mp4,0.078858085
6807.mp4,0.506820798
6808.mp4,0.009999999
6809.mp4,0.6907565
6810.mp4,0.01
6811.mp4,0.98999995
6812.mp4,0.946951568
6813.mp4,0.080473676
6814.mp4,0.923637211
6815.mp4,0.036013927
6816.mp4,0.986157179
6817.mp4,0.172021553
6818.mp4,0.985158503
6819.mp4,0.010000001
6820.mp4,0.024090264
6821.mp4,0.869689941
6822.mp4,0.946818471
6823.mp4,0.051517036
6824.mp4,0.979087651
6825.mp4,0.01
6826.mp4,0.983240366
6827.mp4,0.025185654
6828.mp4,0.01
6829.mp4,0.171365798
6830.mp4,0.709376156
6831.mp4,0.009999998
6832.mp4,0.749560714
6833.mp4,0.050810918
6834.mp4,0.916406512
6835.mp4,0.627083182
6836.mp4,0.98999989
6837.mp4,0.469891489
6838.mp4,0.013173616
6839.mp4,0.972427011
6840.mp4,0.015681494
6841.mp4,0.069699727
6842.mp4,0.020137282
6843.mp4,0.012302185
6844.mp4,0.01
6845.mp4,0.313183457
6846.mp4,0.014094886
6847.mp4,0.049875129
6848.mp4,0.952298403
6849.mp4,0.012870573
6850.mp4,0.12819998
6851.mp4,0.973386347
6852.mp4,0.627023697
6853.mp4,0.980523944
6854.mp4,0.010027188
6855.mp4,0.009999999
6856.mp4,0.010000001
6857.mp4,0.764626622
6858.mp4,0.99000001
6859.mp4,0.082632944
6860.mp4,0.011303362
6861.mp4,0.031201459
6862.mp4,0.026068289
6863.mp4,0.010000001
6864.mp4,0.012097861
6865.mp4,0.009999999
6866.mp4,0.916755915
6867.mp4,0.98999995
6868.mp4,0.420425594
6869.mp4,0.134236977
6870.mp4,0.865616739
6871.mp4,0.868169665
6872.mp4,0.116376601
6873.mp4,0.986103475
6874.mp4,0.018235255
6875.mp4,0.01246821
6876.mp4,0.01
6877.mp4,0.010000001
6878.mp4,0.013359408
6879.mp4,0.990000129
6880.mp4,0.01957594
6881.mp4,0.050293934
6882.mp4,0.170525566
6883.mp4,0.072892927
6884.mp4,0.986060083
6885.mp4,0.467430413
6886.mp4,0.897520244
6887.mp4,0.010190819
6888.mp4,0.98999995
6889.mp4,0.019230362
6890.mp4,0.076825276
6891.mp4,0.98999995
6892.mp4,0.01037619
6893.mp4,0.04560608
6894.mp4,0.555181444
6895.mp4,0.377214849
6896.mp4,0.018049181
6897.mp4,0.091277413
6898.mp4,0.413136184
6899.mp4,0.742650926
6900.mp4,0.07611607
6901.mp4,0.015450819
6902.mp4,0.205130577
6903.mp4,0.038696062
6904.mp4,1
6905.mp4,0.013029031
6906.mp4,0.986113429
6907.mp4,0.654920757
6908.mp4,0.144386068
6909.mp4,0.029652376
6910.mp4,0.012454153
6911.mp4,0.015049734
6912.mp4,0.915049911
6913.mp4,0.228150651
6914.mp4,0.024807513
6915.mp4,0.903577507
6916.mp4,0.010638853
6917.mp4,0.013763559
6918.mp4,0.740358055
6919.mp4,0.360723734
6920.mp4,0.048806213
6921.mp4,0.03663823
6922.mp4,0.01
6923.mp4,0.300218642
6924.mp4,0.01
6925.mp4,0.012987977
6926.mp4,0.598975182
6927.mp4,0.985551417
6928.mp4,0.977650046
6929.mp4,0.009999999
6930.mp4,0.989999831
6931.mp4,0.072150201
6932.mp4,0.605286539
6933.mp4,0.021151388
6934.mp4,0.229336739
6935.mp4,0.960319459
6936.mp4,0.982092381
6937.mp4,0.902772367
6938.mp4,0.010000001
6939.mp4,0.767530084
6940.mp4,0.990000069
6941.mp4,0.347729713
6942.mp4,0.99000001
6943.mp4,0.99000001
6944.mp4,0.028591171
6945.mp4,0.01
6946.mp4,0.017963519
6947.mp4,0.371399224
6948.mp4,0.056658398
6949.mp4,0.012205845
6950.mp4,0.894327402
6951.mp4,0.841216445
6952.mp4,0.041451517
6953.mp4,0.073616937
6954.mp4,0.94673723
6955.mp4,0.009999999
6956.mp4,0.680926621
6957.mp4,0.047303405
6958.mp4,0.012476185
6959.mp4,0.291810095
6960.mp4,0.98999989
6961.mp4,0.037885372
6962.mp4,0.11811734
6963.mp4,0.986738205
6964.mp4,0.897117198
6965.mp4,0.161617145
6966.mp4,0.01
6967.mp4,0.214693248
6968.mp4,0.031400114
6969.mp4,0.985601842
6970.mp4,0.988151968
6971.mp4,0.446588457
6972.mp4,0.09410017
6973.mp4,0.136588499
6974.mp4,0.009999999
6975.mp4,0.927531779
6976.mp4,0.098402381
6977.mp4,0.218733624
6978.mp4,0.932042837
6979.mp4,0.379083067
6980.mp4,0.108795851
6981.mp4,0.011513154
6982.mp4,0.243551537
6983.mp4,0.010000002
6984.mp4,0.704161286
6985.mp4,0.045133818
6986.mp4,0.952740192
6987.mp4,0.084022544
6988.mp4,0.27727592
6989.mp4,0.02290784
6990.mp4,0.985503376
6991.mp4,0.972181857
6992.mp4,0.089650936
6993.mp4,0.149872735
6994.mp4,0.114904337
6995.mp4,0.123123914
6996.mp4,0.990000069
6997.mp4,0.022256827
6998.mp4,0.216668963
6999.mp4,0.990000069
7000.mp4,0.049357884
7001.mp4,0.009999999
7002.mp4,0.010000002
7003.mp4,0.346682847
7004.mp4,0.975223899
7005.mp4,0.989207864
7006.mp4,0.98999995
7007.mp4,0.990000069
7008.mp4,0.010000001
7009.mp4,0.013352111
7010.mp4,0.009999997
7011.mp4,0.24237892
7012.mp4,0.201683357
7013.mp4,0.761552811
7014.mp4,0.990000069
7015.mp4,0.99000001
7016.mp4,0.98999995
7017.mp4,0.955606818
7018.mp4,0.044548858
7019.mp4,0.016548285
7020.mp4,0.042026043
7021.mp4,0.93352145
7022.mp4,0.15718016
7023.mp4,0.990000069
7024.mp4,0.012579104
7025.mp4,0.010000001
7026.mp4,0.939230084
7027.mp4,0.979488552
7028.mp4,0.98999995
7029.mp4,0.99000001
7030.mp4,0.986959994
7031.mp4,0.990000129
7032.mp4,0.366052985
7033.mp4,0.981882572
7034.mp4,0.065599613
7035.mp4,0.009999999
7036.mp4,0.990000069
7037.mp4,0.878360808
7038.mp4,0.01
7039.mp4,0.103811882
7040.mp4,0.990000069
7041.mp4,0.074723557
7042.mp4,0.190449506
7043.mp4,0.086313285
7044.mp4,0.010000001
7045.mp4,0.146038353
7046.mp4,0.923117757
7047.mp4,0.010027333
7048.mp4,0.048588954
7049.mp4,0.232525751
7050.mp4,0.231554121
7051.mp4,0.952028453
7052.mp4,0.929991186
7053.mp4,0.764155388
7054.mp4,0.98999995
7055.mp4,0.01060556
7056.mp4,0.069484048
7057.mp4,0.411023378
7058.mp4,0.069815338
7059.mp4,0.010000001
7060.mp4,0.155467361
7061.mp4,0.987623394
7062.mp4,0.026435364
7063.mp4,0.009999999
7064.mp4,0.011451791
7065.mp4,0.009999999
7066.mp4,0.155959532
7067.mp4,0.014759551
7068.mp4,0.13237457
7069.mp4,0.080798171
7070.mp4,0.853753567
7071.mp4,0.010298776
7072.mp4,0.040961374
7073.mp4,0.21076408
7074.mp4,0.99000001
7075.mp4,0.010000001
7076.mp4,0.012366881
7077.mp4,0.040978715
7078.mp4,0.303814769
7079.mp4,0.01
7080.mp4,0.990000069
7081.mp4,0.026735155
7082.mp4,0.013055217
7083.mp4,0.01049355
7084.mp4,0.125103578
7085.mp4,0.014381969
7086.mp4,0.012347733
7087.mp4,0.813185453
7088.mp4,0.264069259
7089.mp4,0.242996886
7090.mp4,0.854116142
7091.mp4,0.990000069
7092.mp4,0.839682996
7093.mp4,0.183536112
7094.mp4,0.313311934
7095.mp4,0.150670856
7096.mp4,0.091130905
7097.mp4,0.394480556
7098.mp4,0.144470021
7099.mp4,0.158278331
7100.mp4,0.98999995
7101.mp4,0.028907241
7102.mp4,0.085842572
7103.mp4,0.14271532
7104.mp4,0.844115674
7105.mp4,0.009999999
7106.mp4,0.013796548
7107.mp4,0.215376452
7108.mp4,0.978130519
7109.mp4,0.170235634
7110.mp4,0.99000001
7111.mp4,0.135623857
7112.mp4,0.276971519
7113.mp4,0.98999995
7114.mp4,0.01
7115.mp4,0.985721469
7116.mp4,0.216737971
7117.mp4,0.109152682
7118.mp4,0.98999995
7119.mp4,0.011710988
7120.mp4,0.986626685
7121.mp4,0.98999995
7122.mp4,0.126845092
7123.mp4,0.009999999
7124.mp4,0.120294861
7125.mp4,0.713956952
7126.mp4,0.011434618
7127.mp4,0.859541833
7128.mp4,0.986113131
7129.mp4,0.990000129
7130.mp4,0.01
7131.mp4,0.428157777
7132.mp4,0.978826642
7133.mp4,0.01
7134.mp4,0.901572704
7135.mp4,0.860310078
7136.mp4,0.01
7137.mp4,0.017914318
7138.mp4,0.050856519
7139.mp4,0.051192325
7140.mp4,0.01
7141.mp4,0.984477758
7142.mp4,0.072111018
7143.mp4,0.875057578
7144.mp4,0.083190084
7145.mp4,0.8877303
7146.mp4,0.623876691
7147.mp4,0.98999995
7148.mp4,0.944220126
7149.mp4,0.11760392
7150.mp4,0.990000069
7151.mp4,0.010000001
7152.mp4,0.954244375
7153.mp4,0.49133563
7154.mp4,0.981223643
7155.mp4,0.989999831
7156.mp4,0.208818346
7157.mp4,0.916251421
7158.mp4,0.046432503
7159.mp4,0.846669912
7160.mp4,0.133584648
7161.mp4,0.990000069
7162.mp4,0.361976326
7163.mp4,0.031545069
7164.mp4,0.030820528
7165.mp4,0.862406015
7166.mp4,0.152616441
7167.mp4,0.90839988
7168.mp4,0.028793588
7169.mp4,0.01472769
7170.mp4,0.208627313
7171.mp4,0.011501602
7172.mp4,0.137976274
7173.mp4,0.010204345
7174.mp4,0.99000001
7175.mp4,0.012292538
7176.mp4,0.345710188
7177.mp4,0.021922234
7178.mp4,0.024640637
7179.mp4,0.068775952
7180.mp4,0.988552094
7181.mp4,0.025343075
7182.mp4,0.01
7183.mp4,0.923104882
7184.mp4,0.919363379
7185.mp4,0.135391846
7186.mp4,0.560381114
7187.mp4,0.013666944
7188.mp4,0.01
7189.mp4,0.552776277
7190.mp4,0.222492874
7191.mp4,0.247605458
7192.mp4,0.15142861
7193.mp4,0.022918347
7194.mp4,0.990000069
7195.mp4,0.98999989
7196.mp4,0.990000129
7197.mp4,0.022727471
7198.mp4,0.99000001
7199.mp4,0.816028595
7200.mp4,0.022529121
7201.mp4,0.987691879
7202.mp4,0.01298797
7203.mp4,0.038646728
7204.mp4,0.980705559
7205.mp4,0.010000001
7206.mp4,0.368049055
7207.mp4,0.602914751
7208.mp4,0.009999999
7209.mp4,0.704906344
7210.mp4,0.978829384
7211.mp4,0.010000001
7212.mp4,0.98999995
7213.mp4,0.99000001
7214.mp4,0.041250184
7215.mp4,0.015612571
7216.mp4,0.151473299
7217.mp4,0.975094318
7218.mp4,0.010000001
7219.mp4,0.019807504
7220.mp4,0.989439607
7221.mp4,0.060033169
7222.mp4,0.01
7223.mp4,0.055911414
7224.mp4,0.01
7225.mp4,0.011525062
7226.mp4,0.048006035
7227.mp4,0.98999989
7228.mp4,0.990000069
7229.mp4,0.011838789
7230.mp4,0.98999989
7231.mp4,0.010410314
7232.mp4,0.027068455
7233.mp4,0.98999995
7234.mp4,0.989937663
7235.mp4,0.009999999
7236.mp4,0.99000001
7237.mp4,0.422545016
7238.mp4,0.009999999
7239.mp4,0.990000069
7240.mp4,0.032418404
7241.mp4,0.013619279
7242.mp4,0.052732028
7243.mp4,0.990000069
7244.mp4,0.011325984
7245.mp4,0.056340903
7246.mp4,0.01
7247.mp4,0.190239131
7248.mp4,0.181707442
7249.mp4,0.47531423
7250.mp4,0.98999989
7251.mp4,0.028413069
7252.mp4,0.24282895
7253.mp4,0.015783528
7254.mp4,0.010409637
7255.mp4,0.027057031
7256.mp4,0.023260511
7257.mp4,0.142980352
7258.mp4,0.212019175
7259.mp4,0.081158794
7260.mp4,0.023767881
7261.mp4,0.98999995
7262.mp4,0.010000001
7263.mp4,0.151331499
7264.mp4,0.014529074
7265.mp4,0.99000001
7266.mp4,0.987043679
7267.mp4,0.148578897
7268.mp4,0.763811529
7269.mp4,0.010000001
7270.mp4,0.99000001
7271.mp4,0.042145655
7272.mp4,0.95539856
7273.mp4,0.020851966
7274.mp4,0.928953946
7275.mp4,0.03054457
7276.mp4,0.98999995
7277.mp4,0.421823055
7278.mp4,0.37074548
7279.mp4,0.054119606
7280.mp4,0.13749826
7281.mp4,0.990000129
7282.mp4,0.179706618
7283.mp4,0.990000069
7284.mp4,0.831315458
7285.mp4,0.878041804
7286.mp4,0.009999998
7287.mp4,0.98290962
7288.mp4,0.813866675
7289.mp4,0.99000001
7290.mp4,0.01685736
7291.mp4,0.012903777
7292.mp4,0.892126501
7293.mp4,0.022827387
7294.mp4,0.01
7295.mp4,0.990000069
7296.mp4,0.048296552
7297.mp4,0.057881933
7298.mp4,0.05415611
7299.mp4,0.290394515
7300.mp4,0.240834504
7301.mp4,0.091836624
7302.mp4,0.020117749
7303.mp4,0.010000001
7304.mp4,0.990000069
7305.mp4,0.393616378
7306.mp4,0.99000001
7307.mp4,0.683654726
7308.mp4,0.926903009
7309.mp4,0.154102609
7310.mp4,0.01
7311.mp4,0.010000001
7312.mp4,0.01
7313.mp4,0.495590597
7314.mp4,0.990000188
7315.mp4,0.079433419
7316.mp4,0.958701253
7317.mp4,0.723022878
7318.mp4,0.067349628
7319.mp4,0.90782994
7320.mp4,0.959344745
7321.mp4,0.487172365
7322.mp4,0.077254198
7323.mp4,0.058676887
7324.mp4,0.122805469
7325.mp4,0.011675582
7326.mp4,0.078878172
7327.mp4,0.115168914
7328.mp4,0.98999995
7329.mp4,0.01
7330.mp4,0.909705222
7331.mp4,0.068931736
7332.mp4,0.033195306
7333.mp4,0.527587235
7334.mp4,0.01
7335.mp4,0.346078277
7336.mp4,0.877783597
7337.mp4,0.990000129
7338.mp4,0.773308992
7339.mp4,0.98999995
7340.mp4,0.010374217
7341.mp4,0.016846281
7342.mp4,0.985511124
7343.mp4,0.012435875
7344.mp4,0.989599288
7345.mp4,0.01
7346.mp4,0.211068824
7347.mp4,0.05162124
7348.mp4,0.027577076
7349.mp4,0.426811874
7350.mp4,0.168240115
7351.mp4,0.538950801
7352.mp4,0.039389752
7353.mp4,0.567619026
7354.mp4,0.145123973
7355.mp4,0.279293686
7356.mp4,0.014490032
7357.mp4,0.013262662
7358.mp4,0.98999995
7359.mp4,0.990000129
7360.mp4,0.010391537
7361.mp4,0.097891346
7362.mp4,0.580065966
7363.mp4,1
7364.mp4,0.108607478
7365.mp4,0.302319407
7366.mp4,0.009999999
7367.mp4,0.010000002
7368.mp4,0.009999999
7369.mp4,0.483682901
7370.mp4,0.990000069
7371.mp4,0.031579547
7372.mp4,0.873126328
7373.mp4,0.715476632
7374.mp4,0.978581786
7375.mp4,0.983793378
7376.mp4,0.022460947
7377.mp4,0.12861596
7378.mp4,0.014628926
7379.mp4,0.319422275
7380.mp4,0.98999995
7381.mp4,0.257047564
7382.mp4,0.922543049
7383.mp4,0.990000069
7384.mp4,0.078022934
7385.mp4,0.980698764
7386.mp4,0.010000001
7387.mp4,0.011313167
7388.mp4,0.984498739
7389.mp4,0.012029617
7390.mp4,0.014236351
7391.mp4,0.009999999
7392.mp4,0.842744648
7393.mp4,0.98999989
7394.mp4,0.147748977
7395.mp4,0.988902211
7396.mp4,0.99000001
7397.mp4,0.343111992
7398.mp4,0.254474789
7399.mp4,0.990000069
7400.mp4,0.014371056
7401.mp4,0.949385107
7402.mp4,0.018720575
7403.mp4,0.990000069
7404.mp4,0.649752438
7405.mp4,0.159466565
7406.mp4,0.105782852
7407.mp4,0.967804909
7408.mp4,0.01
7409.mp4,0.018818483
7410.mp4,0.013140297
7411.mp4,0.812348187
7412.mp4,0.010000002
7413.mp4,0.990000069
7414.mp4,0.305144876
7415.mp4,0.098509289
7416.mp4,0.710623085
7417.mp4,0.321134806
7418.mp4,0.010728118
7419.mp4,0.288522094
7420.mp4,0.01
7421.mp4,0.99000001
7422.mp4,0.98999989
7423.mp4,0.990000248
7424.mp4,0.189877138
7425.mp4,0.990000129
7426.mp4,0.012399252
7427.mp4,0.987577617
7428.mp4,0.985491216
7429.mp4,0.009999998
7430.mp4,0.436859846
7431.mp4,0.01
7432.mp4,0.990000129
7433.mp4,0.062711418
7434.mp4,0.030936435
7435.mp4,0.080527104
7436.mp4,0.018067928
7437.mp4,0.040141802
7438.mp4,0.198046267
7439.mp4,0.988229454
7440.mp4,0.937711537
7441.mp4,0.115205392
7442.mp4,0.941708446
7443.mp4,0.023643324
7444.mp4,0.029167214
7445.mp4,0.148904756
7446.mp4,0.128965169
7447.mp4,0.396145672
7448.mp4,0.14863424
7449.mp4,0.986620486
7450.mp4,0.595180869
7451.mp4,0.990000069
7452.mp4,0.08919397
7453.mp4,0.231662735
7454.mp4,0.99000001
7455.mp4,0.01
7456.mp4,0.01
7457.mp4,0.084307879
7458.mp4,0.01
7459.mp4,0.02722312
7460.mp4,0.010000001
7461.mp4,0.796963334
7462.mp4,0.518103957
7463.mp4,0.846392035
7464.mp4,0.023478029
7465.mp4,0.800061762
7466.mp4,0.321989805
7467.mp4,0.015488536
7468.mp4,0.990000188
7469.mp4,0.01
7470.mp4,0.009999999
7471.mp4,0.990000069
7472.mp4,0.010000001
7473.mp4,0.013101424
7474.mp4,0.01
7475.mp4,0.009999999
7476.mp4,0.989999831
7477.mp4,0.990000069
7478.mp4,0.047350302
7479.mp4,0.99000001
7480.mp4,0.901535928
7481.mp4,0.835697293
7482.mp4,0.943326831
7483.mp4,0.906940579
7484.mp4,0.204650566
7485.mp4,0.99000001
7486.mp4,0.013909604
7487.mp4,0.010000001
7488.mp4,0.98999995
7489.mp4,0.066010848
7490.mp4,0.264066219
7491.mp4,0.888151765
7492.mp4,0.089501627
7493.mp4,0.891661346
7494.mp4,0.088120431
7495.mp4,0.821653008
7496.mp4,0.66154325
7497.mp4,0.985406041
7498.mp4,0.010966393
7499.mp4,0.01
7500.mp4,0.962481141
7501.mp4,0.017914847
7502.mp4,0.75031966
7503.mp4,0.08541169
7504.mp4,0.891483128
7505.mp4,0.014267326
7506.mp4,0.98999995
7507.mp4,0.785469472
7508.mp4,0.010150721
7509.mp4,0.300030559
7510.mp4,0.020477165
7511.mp4,0.017666794
7512.mp4,0.98999989
7513.mp4,0.025270265
7514.mp4,0.009999999
7515.mp4,0.021507215
7516.mp4,0.236437768
7517.mp4,0.010000001
7518.mp4,0.982716918
7519.mp4,0.99000001
7520.mp4,0.98999995
7521.mp4,0.921334982
7522.mp4,0.009999999
7523.mp4,0.733706653
7524.mp4,0.986641884
7525.mp4,0.651835322
7526.mp4,0.985309124
7527.mp4,0.013556707
7528.mp4,0.338305473
7529.mp4,0.063616827
7530.mp4,0.12168964
7531.mp4,0.009999998
7532.mp4,0.021009833
7533.mp4,0.009999999
7534.mp4,0.98999995
7535.mp4,0.882677794
7536.mp4,0.039546464
7537.mp4,0.29072988
7538.mp4,0.01
7539.mp4,0.092709132
7540.mp4,0.98999995
7541.mp4,0.07707417
7542.mp4,0.697223425
7543.mp4,0.766897142
7544.mp4,0.11389298
7545.mp4,0.013565949
7546.mp4,0.010390792
7547.mp4,0.268244654
7548.mp4,0.969685197
7549.mp4,0.057144172
7550.mp4,0.017662808
7551.mp4,0.564699948
7552.mp4,0.984732151
7553.mp4,0.87295717
7554.mp4,0.066036977
7555.mp4,0.105182566
7556.mp4,0.755971074
7557.mp4,0.041812047
7558.mp4,0.058370501
7559.mp4,0.986408532
7560.mp4,0.014124556
7561.mp4,0.985445142
7562.mp4,0.009999999
7563.mp4,0.052134391
7564.mp4,0.010542711
7565.mp4,0.988092601
7566.mp4,0.989743888
7567.mp4,0.99000001
7568.mp4,1
7569.mp4,0.077534683
7570.mp4,0.065760978
7571.mp4,0.990000069
7572.mp4,0.014107633
7573.mp4,0.903115511
7574.mp4,0.101644188
7575.mp4,0.010000001
7576.mp4,0.010000001
7577.mp4,0.747880042
7578.mp4,0.010006831
7579.mp4,0.981403649
7580.mp4,0.010000001
7581.mp4,0.01020693
7582.mp4,0.010000001
7583.mp4,0.01
7584.mp4,0.009999999
7585.mp4,0.014780072
7586.mp4,0.010000001
7587.mp4,0.015621962
7588.mp4,0.01
7589.mp4,0.019103583
7590.mp4,0.270769209
7591.mp4,0.010000001
7592.mp4,0.05196229
7593.mp4,0.176241904
7594.mp4,0.990000069
7595.mp4,0.010680287
7596.mp4,0.010000002
7597.mp4,0.01
7598.mp4,0.009999999
7599.mp4,0.01335387
7600.mp4,0.972532213
7601.mp4,0.809330463
7602.mp4,0.068049766
7603.mp4,0.981549323
7604.mp4,0.125860065
7605.mp4,0.010000001
7606.mp4,0.066631928
7607.mp4,0.990000129
7608.mp4,0.010000001
7609.mp4,0.011382943
7610.mp4,0.814603329
7611.mp4,0.011079999
7612.mp4,0.056458745
7613.mp4,0.869696558
7614.mp4,0.98999995
7615.mp4,0.010000001
7616.mp4,0.788831115
7617.mp4,0.256765932
7618.mp4,0.961368322
7619.mp4,0.99000001
7620.mp4,0.955527127
7621.mp4,0.010000001
7622.mp4,0.165299803
7623.mp4,0.844315529
7624.mp4,0.990000129
7625.mp4,0.990000129
7626.mp4,0.109435566
7627.mp4,0.078269623
7628.mp4,0.782614946
7629.mp4,0.023464719
7630.mp4,0.183155403
7631.mp4,0.181742668
7632.mp4,0.034987211
7633.mp4,0.028309634
7634.mp4,0.989235878
7635.mp4,0.882557392
7636.mp4,0.119589217
7637.mp4,0.99000001
7638.mp4,0.99000001
7639.mp4,0.989333928
7640.mp4,0.016749401
7641.mp4,0.012009424
7642.mp4,0.99000001
7643.mp4,0.119777918
7644.mp4,0.99000001
7645.mp4,0.96071583
7646.mp4,0.972662508
7647.mp4,0.98999989
7648.mp4,0.010000001
7649.mp4,0.417651862
7650.mp4,0.96856463
7651.mp4,0.01
7652.mp4,0.948903024
7653.mp4,0.01
7654.mp4,0.02375856
7655.mp4,0.043531857
7656.mp4,0.061279606
7657.mp4,0.018875815
7658.mp4,0.017709946
7659.mp4,0.013028782
7660.mp4,0.914219618
7661.mp4,0.365521908
7662.mp4,0.989647448
7663.mp4,0.799714923
7664.mp4,0.009999999
7665.mp4,0.980350912
7666.mp4,0.038085308
7667.mp4,0.011075334
7668.mp4,0.027588243
7669.mp4,0.78248769
7670.mp4,0.049941279
7671.mp4,0.699964106
7672.mp4,0
7673.mp4,0.375162005
7674.mp4,0.981982589
7675.mp4,0.985675097
7676.mp4,0.128173068
7677.mp4,0.826184452
7678.mp4,0.716215491
7679.mp4,0.99000001
7680.mp4,0.095658228
7681.mp4,0.081018709
7682.mp4,0.013697912
7683.mp4,0.112803787
7684.mp4,0.990000129
7685.mp4,0.009999999
7686.mp4,0.024188096
7687.mp4,0.787887096
7688.mp4,0.01
7689.mp4,0.399999917
7690.mp4,0.125001341
7691.mp4,0.022769492
7692.mp4,0.99000001
7693.mp4,0.977677882
7694.mp4,0.015144784
7695.mp4,0.99000001
7696.mp4,0.015709611
7697.mp4,0.118823245
7698.mp4,0.03769283
7699.mp4,0.010000001
7700.mp4,0.776862264
7701.mp4,0.020577889
7702.mp4,0.124846429
7703.mp4,0.015606394
7704.mp4,0.009999999
7705.mp4,0.025321674
7706.mp4,0.375601113
7707.mp4,0.027703695
7708.mp4,0.440839738
7709.mp4,0.054538414
7710.mp4,0.058596827
7711.mp4,0.254303128
7712.mp4,0.01
7713.mp4,0.99000001
7714.mp4,0.922262013
7715.mp4,0.025039164
7716.mp4,0.016533403
7717.mp4,0.603904247
7718.mp4,0.009999999
7719.mp4,0.061789505
7720.mp4,0.158396438
7721.mp4,0.98999989
7722.mp4,0.233907849
7723.mp4,0.056570418
7724.mp4,0.990000188
7725.mp4,0.964676321
7726.mp4,0.01
7727.mp4,0.99000001
7728.mp4,0.062347241
7729.mp4,0.22779648
7730.mp4,0.045301311
7731.mp4,0.01
7732.mp4,0.990000069
7733.mp4,0.009999998
7734.mp4,0.990000069
7735.mp4,0.98999995
7736.mp4,0.017382465
7737.mp4,0.019299945
7738.mp4,0.186658099
7739.mp4,0.99000001
7740.mp4,0.018808324
7741.mp4,0.014002672
7742.mp4,0.015443203
7743.mp4,0.988318563
7744.mp4,0.990000069
7745.mp4,0.009999999
7746.mp4,0.014028294
7747.mp4,0.01
7748.mp4,0.319789797
7749.mp4,0.014060725
7750.mp4,0.942771852
7751.mp4,0.99000001
7752.mp4,0.036864791
7753.mp4,0.067571819
7754.mp4,0.910106599
7755.mp4,0.980323553
7756.mp4,0.068922564
7757.mp4,0.98506093
7758.mp4,0.010000001
7759.mp4,0.403624773
7760.mp4,0.035579104
7761.mp4,0.918295383
7762.mp4,0.061844062
7763.mp4,0.01333687
7764.mp4,0.012838115
7765.mp4,0.987360418
7766.mp4,0.043154467
7767.mp4,0
7768.mp4,0.99000001
7769.mp4,0.062536635
7770.mp4,0.952532768
7771.mp4,0.279828101
7772.mp4,0.012653328
7773.mp4,0.010000001
7774.mp4,0.549705863
7775.mp4,0.920588672
7776.mp4,0.045012236
7777.mp4,0.947767615
7778.mp4,0.010000001
7779.mp4,0.010000001
7780.mp4,0.068216443
7781.mp4,0.01
7782.mp4,0.13455689
7783.mp4,0.222302213
7784.mp4,0.220865458
7785.mp4,0.01
7786.mp4,0.990000069
7787.mp4,0.010299032
7788.mp4,0.027463546
7789.mp4,0.035422299
7790.mp4,0.168602183
7791.mp4,0.015826473
7792.mp4,0.032310631
7793.mp4,0.98999989
7794.mp4,0.013356275
7795.mp4,0.98952812
7796.mp4,0.01
7797.mp4,0.125745609
7798.mp4,0.77448523
7799.mp4,0.094399035
7800.mp4,0.010972466
7801.mp4,0.293689311
7802.mp4,0.014372746
7803.mp4,0.01
7804.mp4,0.990000069
7805.mp4,0.056312028
7806.mp4,0.039355025
7807.mp4,0.488788068
7808.mp4,0.02140367
7809.mp4,0.498908848
7810.mp4,0.977334976
7811.mp4,0.394512534
7812.mp4,0.990000248
7813.mp4,0.01
7814.mp4,0.019997779
7815.mp4,0.469535857
7816.mp4,0.508948267
7817.mp4,0.018120889
7818.mp4,0.041367598
7819.mp4,0.105012231
7820.mp4,0.162518904
7821.mp4,0.074536279
7822.mp4,0.944787562
7823.mp4,0.053285416
7824.mp4,0.694592714
7825.mp4,0.700897455
7826.mp4,0.990000069
7827.mp4,0.381036997
7828.mp4,0.009999999
7829.mp4,0.943653345
7830.mp4,0.043699242
7831.mp4,0.025640808
7832.mp4,0.98985666
7833.mp4,0.010000001
7834.mp4,0.01
7835.mp4,0.02072758
7836.mp4,0.985596359
7837.mp4,0.0328255
7838.mp4,0.99000001
7839.mp4,0.09088847
7840.mp4,0.920701683
7841.mp4,0.054972712
7842.mp4,0.076359384
7843.mp4,0.990000069
7844.mp4,0.758490443
7845.mp4,0.022781657
7846.mp4,0.010000001
7847.mp4,0.010183141
7848.mp4,0.197465569
7849.mp4,0.040179003
7850.mp4,0.010000002
7851.mp4,0.083561108
7852.mp4,0.99000001
7853.mp4,1
7854.mp4,0.98999995
7855.mp4,0.083321005
7856.mp4,0.99000001
7857.mp4,0.98999995
7858.mp4,0.014845222
7859.mp4,0.979740143
7860.mp4,0.030773105
7861.mp4,0.99000001
7862.mp4,0.020586124
7863.mp4,0.037928533
7864.mp4,0.178572699
7865.mp4,0.018811291
7866.mp4,0.069932543
7867.mp4,0.017642731
7868.mp4,0.974154592
7869.mp4,0.98999989
7870.mp4,0.137860358
7871.mp4,0.013345208
7872.mp4,0.011114347
7873.mp4,0.009999999
7874.mp4,0.990000069
7875.mp4,0.014155838
7876.mp4,0.054236207
7877.mp4,0.010008677
7878.mp4,0.13197431
7879.mp4,0.990000069
7880.mp4,0.990000069
7881.mp4,0.018817134
7882.mp4,0.990000069
7883.mp4,0.205552891
7884.mp4,0.710554421
7885.mp4,0.157289445
7886.mp4,0.009999999
7887.mp4,0.951305807
7888.mp4,0.98999995
7889.mp4,0.010000002
7890.mp4,0.979801834
7891.mp4,0.017328471
7892.mp4,0.320772111
7893.mp4,0.982812643
7894.mp4,0.011093128
7895.mp4,0.98999995
7896.mp4,0.99000001
7897.mp4,0.171064332
7898.mp4,0.026278218
7899.mp4,0.018808249
7900.mp4,0.067306757
7901.mp4,0.01
7902.mp4,0.586561561
7903.mp4,0.014668826
7904.mp4,0.98999995
7905.mp4,0.01
7906.mp4,0.012792339
7907.mp4,0.98999995
7908.mp4,0.010177693
7909.mp4,0.984750986
7910.mp4,0.101127997
7911.mp4,0.990000069
7912.mp4,0.282650232
7913.mp4,0.157546178
7914.mp4,0.98999989
7915.mp4,0.025752719
7916.mp4,0.501708329
7917.mp4,0.891398966
7918.mp4,0.019061388
7919.mp4,0.01
7920.mp4,0.010000001
7921.mp4,0.102990679
7922.mp4,0.971681893
7923.mp4,0.635855913
7924.mp4,0.091320507
7925.mp4,0.990000069
7926.mp4,0.009999999
7927.mp4,0.99000001
7928.mp4,0.652736306
7929.mp4,0.785320103
7930.mp4,0.018667709
7931.mp4,0.67978555
7932.mp4,0.990000069
7933.mp4,0.99000001
7934.mp4,0.244455874
7935.mp4,0.01515492
7936.mp4,0.013335991
7937.mp4,0.010000001
7938.mp4,0.112320922
7939.mp4,0.045892719
7940.mp4,0.011420386
7941.mp4,0.021037329
7942.mp4,0.010000001
7943.mp4,0.881812394
7944.mp4,0.015871245
7945.mp4,0.990000069
7946.mp4,0.010000001
7947.mp4,0.095727861
7948.mp4,0.85593313
7949.mp4,0.017946821
7950.mp4,0.247302592
7951.mp4,0.981229842
7952.mp4,0.04671732
7953.mp4,0.009999999
7954.mp4,0.149862304
7955.mp4,0.582673609
7956.mp4,0.81283772
7957.mp4,0.011926334
7958.mp4,0.989545584
7959.mp4,0.108451732
7960.mp4,0.989530206
7961.mp4,0.93433696
7962.mp4,0.009999999
7963.mp4,0.011737145
7964.mp4,0.131735608
7965.mp4,0.130413815
7966.mp4,0.069461875
7967.mp4,0.010150411
7968.mp4,0.167796209
7969.mp4,0.941539347
7970.mp4,0.155721888
7971.mp4,0.081497319
7972.mp4,0.864632368
7973.mp4,0.99000001
7974.mp4,0.222684681
7975.mp4,0.986132741
7976.mp4,0.010000002
7977.mp4,0.990000069
7978.mp4,0.049862821
7979.mp4,0.079074733
7980.mp4,0.018365407
7981.mp4,0.985658944
7982.mp4,0.016879145
7983.mp4,0.010000001
7984.mp4,0.911886096
7985.mp4,0.015725486
7986.mp4,0.010000001
7987.mp4,0.223624766
7988.mp4,0.017742224
7989.mp4,0.044931859
7990.mp4,0.775482416
7991.mp4,0.99000001
7992.mp4,0.009999998
7993.mp4,0.104959831
7994.mp4,0.990000069
7995.mp4,0.063485503
7996.mp4,0.070172459
7997.mp4,0.022140877
7998.mp4,0.951618969
7999.mp4,0.99000001
